Company,Engine,URL,Search_Type,Query,Title,Snippet
CÔNG TY TNHH SAMSUNG ELECTRONICS VIỆT NAM THÁI NGUYÊN,Serper,https://masothue.com/4601124536-cong-ty-tnhh-samsung-electronics-viet-nam-thai-nguyen,tax_code,4601124536,4601124536 - CÔNG TY TNHH SAMSUNG ELECTRONICS VIỆT ...,
CÔNG TY TNHH SAMSUNG ELECTRONICS VIỆT NAM THÁI NGUYÊN,Serper,https://www.yellowpages.com.vn/listings/1187880255/vietnam-thai-nguyen-samsung-electronics-co.-ltd.html,tax_code,4601124536,"Vietnam Thai Nguyen Samsung Electronics Co., Ltd",
CÔNG TY TNHH SAMSUNG ELECTRONICS VIỆT NAM THÁI NGUYÊN,Serper,https://thuvienphapluat.vn/ma-so-thue/cong-ty-tnhh-samsung-electronics-viet-nam-thai-nguyen-mst-4601124536.html,tax_code,4601124536,4601124536 - CÔNG TY TNHH SAMSUNG ELECTRONICS VIỆT ...,
CÔNG TY TNHH SAMSUNG ELECTRONICS VIỆT NAM THÁI NGUYÊN,Serper,https://panjiva.com/Samsung-Electronics-Vietnam-Thai-Nguyen-Co-Ltd-Sevt/33325914,tax_code,4601124536,"Samsung Electronics Vietnam Thai Nguyen Co., Ltd. (Sevt) - Panjiva",
CÔNG TY TNHH SAMSUNG ELECTRONICS VIỆT NAM THÁI NGUYÊN,Serper,https://profit500.vn/Thong-tin-doanh-nghiep/CONG-TY-TNHH-SAMSUNG-ELECTRONICS-VIET-NAM-THAI-NGUYEN-Chart--43612-2023.html,tax_code,4601124536,CÔNG TY TNHH SAMSUNG ELECTRONICS VIỆT NAM THÁI ...,
CÔNG TY TNHH SAMSUNG ELECTRONICS VIỆT NAM THÁI NGUYÊN,Serper,https://makeinvietnam.mic.gov.vn/SearchProfile/CompanyDetail/24092,tax_code,4601124536,công ty tnhh samsung electronics việt nam thái nguyên,
CÔNG TY TNHH SAMSUNG ELECTRONICS VIỆT NAM THÁI NGUYÊN,Serper,https://masothue.com/4601124536-001-cong-ty-tnhh-samsung-electronics-viet-nam-thai-nguyen-chi-nhanh-thanh-pho-ho-chi-minh,tax_code,4601124536,4601124536-001 - CÔNG TY TNHH SAMSUNG ELECTRONICS ...,
CÔNG TY TNHH SAMSUNG ELECTRONICS VIỆT NAM THÁI NGUYÊN,Serper,https://trangvangvietnam.com/listings/1187887707/cong-ty-tnhh-samsung-electronics-thai-nguyen.html,tax_code,4601124536,Công Ty TNHH Samsung Electronics Thái Nguyên - Trang vàng,
CÔNG TY TNHH SAMSUNG ELECTRONICS VIỆT NAM THÁI NGUYÊN,Serper,https://www.tratencongty.com/company/14b62a9f8-cong-ty-tnhh-samsung-electronics-viet-nam-thai-nguyen/,tax_code,4601124536,Công Ty TNHH Samsung Electronics Việt Nam Thái Nguyên,
CÔNG TY TNHH SAMSUNG ELECTRONICS VIỆT NAM THÁI NGUYÊN,Serper,https://cktc.vn/cong-ty-tnhh-samsung-electronics-viet-nam-thai-nguyen.html?srsltid=AfmBOooqHZ7BMY_Le01gQYzVFnZ3KGIAkWYDW8Qawlz1wlGQO2qIxz8w,tax_code,4601124536,CÔNG TY TNHH SAMSUNG ELECTRONICS VIỆT NAM ... - CKTC,
CÔNG TY TNHH SAMSUNG ELECTRONICS VIỆT NAM THÁI NGUYÊN,Firecrawl,https://thuvienphapluat.vn/ma-so-thue/cong-ty-tnhh-samsung-electronics-viet-nam-thai-nguyen-mst-4601124536.html,english,"""CÔNG TY TNHH SAMSUNG ELECTRONICS VIỆT NAM THÁI NGUYÊN"" AND (""mã số thuế"" OR ""công ty TNHH"" OR ""công ty cổ phần"" OR ""giấy phép kinh doanh"")",4601124536 - CÔNG TY TNHH SAMSUNG ELECTRONICS VIỆT ...,
CÔNG TY TNHH SAMSUNG ELECTRONICS VIỆT NAM THÁI NGUYÊN,Firecrawl,https://masothue.com/4601132350-cong-ty-tnhh-samsung-electronics-viet-nam-thai-nguyen,english,"""CÔNG TY TNHH SAMSUNG ELECTRONICS VIỆT NAM THÁI NGUYÊN"" AND (""mã số thuế"" OR ""công ty TNHH"" OR ""công ty cổ phần"" OR ""giấy phép kinh doanh"")",Công ty TNHH Samsung Electronics Việt nam Thái Nguyên,
CÔNG TY TNHH SAMSUNG ELECTRONICS VIỆT NAM THÁI NGUYÊN,Firecrawl,https://www.yellowpages.vn/lgs/1187880255/cong-ty-tnhh-samsung-electronics-viet-nam-thai-nguyen.html,english,"""CÔNG TY TNHH SAMSUNG ELECTRONICS VIỆT NAM THÁI NGUYÊN"" AND (""mã số thuế"" OR ""công ty TNHH"" OR ""công ty cổ phần"" OR ""giấy phép kinh doanh"")",Công Ty TNHH Samsung Electronics Việt Nam Thái Nguyên,
CÔNG TY TNHH SAMSUNG ELECTRONICS VIỆT NAM THÁI NGUYÊN,Firecrawl,https://thuvienphapluat.vn/ma-so-thue/cong-ty-tnhh-samsung-electronics-viet-nam-thai-nguyen-mst-4601132350.html,english,"""CÔNG TY TNHH SAMSUNG ELECTRONICS VIỆT NAM THÁI NGUYÊN"" AND (""mã số thuế"" OR ""công ty TNHH"" OR ""công ty cổ phần"" OR ""giấy phép kinh doanh"")",4601132350 - CÔNG TY TNHH SAMSUNG ELECTRONICS VIỆT ...,
CÔNG TY TNHH SAMSUNG ELECTRONICS VIỆT NAM THÁI NGUYÊN,Firecrawl,https://www.tratencongty.com/company/14b62c87e-cong-ty-tnhh-samsung-electronics-viet-nam-thai-nguyen/,english,"""CÔNG TY TNHH SAMSUNG ELECTRONICS VIỆT NAM THÁI NGUYÊN"" AND (""mã số thuế"" OR ""công ty TNHH"" OR ""công ty cổ phần"" OR ""giấy phép kinh doanh"")",Công Ty TNHH Samsung Electronics Việt Nam Thái Nguyên,
CÔNG TY TNHH SAMSUNG ELECTRONICS VIỆT NAM THÁI NGUYÊN,Firecrawl,https://makeinvietnam.mic.gov.vn/SearchProfile/CompanyDetail/24092,english,"""CÔNG TY TNHH SAMSUNG ELECTRONICS VIỆT NAM THÁI NGUYÊN"" AND (""mã số thuế"" OR ""công ty TNHH"" OR ""công ty cổ phần"" OR ""giấy phép kinh doanh"")",công ty tnhh samsung electronics việt nam thái nguyên,
CÔNG TY TNHH SAMSUNG ELECTRONICS VIỆT NAM THÁI NGUYÊN,Firecrawl,https://profit500.vn/Thong-tin-doanh-nghiep/CONG-TY-TNHH-SAMSUNG-ELECTRONICS-VIET-NAM-THAI-NGUYEN-Chart--43612-2021.html,english,"""CÔNG TY TNHH SAMSUNG ELECTRONICS VIỆT NAM THÁI NGUYÊN"" AND (""mã số thuế"" OR ""công ty TNHH"" OR ""công ty cổ phần"" OR ""giấy phép kinh doanh"")",CÔNG TY TNHH SAMSUNG ELECTRONICS VIỆT NAM THÁI ...,
CÔNG TY TNHH SAMSUNG ELECTRONICS VIỆT NAM THÁI NGUYÊN,Firecrawl,https://en.abrams.wiki/Cong-TY-Tnhh-Samsung-Electronics-Vi%E1%BB%87t-Nam-Thai-Nguyen/3-zQkfoY9YKgum9HBMlIB11Q,english,"""CÔNG TY TNHH SAMSUNG ELECTRONICS VIỆT NAM THÁI NGUYÊN"" AND (""mã số thuế"" OR ""công ty TNHH"" OR ""công ty cổ phần"" OR ""giấy phép kinh doanh"")",Công TY Tnhh Samsung Electronics Việt Nam Thái Nguyên,
CÔNG TY TNHH SAMSUNG ELECTRONICS VIỆT NAM THÁI NGUYÊN,Firecrawl,https://cafef.vn/du-lieu/otc/sevt-cong-ty-tnhh-samsung-electronics-viet-nam-thai-nguyen.chn,english,"""CÔNG TY TNHH SAMSUNG ELECTRONICS VIỆT NAM THÁI NGUYÊN"" AND (""mã số thuế"" OR ""công ty TNHH"" OR ""công ty cổ phần"" OR ""giấy phép kinh doanh"")",Công ty TNHH Samsung Electronics Việt Nam Thái Nguyên (OTC),
CÔNG TY TNHH SAMSUNG ELECTRONICS VIỆT NAM THÁI NGUYÊN,Firecrawl,https://cafef.vn/du-lieu/otc/sevt-cong-ty-tnhh-samsung-electronics-viet-nam-thai-nguyen.chn,english,"""CÔNG TY TNHH SAMSUNG ELECTRONICS VIỆT NAM THÁI NGUYÊN"" AND (""mã số thuế"" OR ""công ty TNHH"" OR ""công ty cổ phần"" OR ""giấy phép kinh doanh"")",Công ty TNHH Samsung Electronics Việt Nam Thái Nguyên (OTC),
CÔNG TY TNHH SAMSUNG DISPLAY VIỆT NAM,Serper,https://masothue.com/2300852009-cong-ty-tnhh-samsung-display-viet-nam,tax_code,2300852009,2300852009 - CÔNG TY TNHH SAMSUNG DISPLAY VIỆT NAM,
CÔNG TY TNHH SAMSUNG DISPLAY VIỆT NAM,Serper,https://www.lei-lookup.com/record/9845005CED8881AF8F65/,tax_code,2300852009,CÔNG TY TNHH SAMSUNG DISPLAY VIỆT NAM - LEI Lookup,
CÔNG TY TNHH SAMSUNG DISPLAY VIỆT NAM,Serper,"https://www.tradeimex.in/company/customs-data/Vietnam-90022090-importer/samsung-display-vietnam-co.,--ltd.",tax_code,2300852009,"samsung display vietnam co., ltd. - TradeImeX",
CÔNG TY TNHH SAMSUNG DISPLAY VIỆT NAM,Serper,https://thuvienphapluat.vn/ma-so-thue/cong-ty-tnhh-samsung-display-bac-ninh-mst-2300852009.html,tax_code,2300852009,2300852009 - CÔNG TY TNHH SAMSUNG DISPLAY BẮC NINH,
CÔNG TY TNHH SAMSUNG DISPLAY VIỆT NAM,Serper,https://www.studocu.vn/vn/document/truong-dai-hoc-cong-nghiep-ha-noi/quan-tri-hoc/cong-ty-samsung-display/90138762,tax_code,2300852009,Thông tin và Chi tiết về Công ty TNHH Samsung Display - Studocu,
CÔNG TY TNHH SAMSUNG DISPLAY VIỆT NAM,Serper,https://1900.com.vn/ma-so-thue/cong-ty-tnhh-samsung-display-viet-nam-3065,tax_code,2300852009,2300852009 - Công Ty TNHH Samsung Display Việt Nam - 1900,
CÔNG TY TNHH SAMSUNG DISPLAY VIỆT NAM,Serper,https://dauthau.net/vi/dn/CONG-TY-TNHH-SAMSUNG-DISPLAY-VIET-NAM/,tax_code,2300852009,CÔNG TY TNHH SAMSUNG DISPLAY VIỆT NAM,
CÔNG TY TNHH SAMSUNG DISPLAY VIỆT NAM,Serper,https://www.tratencongty.com/company/c2474a69-cong-ty-tnhh-samsung-display-viet-nam/,tax_code,2300852009,2300852009 - Công Ty TNHH Samsung Display Việt Nam,
CÔNG TY TNHH SAMSUNG DISPLAY VIỆT NAM,Serper,https://thongtindoanhnghiep.co/2300852009-cong-ty-tnhh-samsung-display-viet-nam,tax_code,2300852009,Công Ty TNHH Samsung Display Việt Nam - Mã số thuế 2300852009,
CÔNG TY TNHH SAMSUNG DISPLAY VIỆT NAM,Firecrawl,https://thongtincongty.vn/ma-so-thue/2300852009-cong-ty-tnhh-samsung-display-viet-nam-436343870,english,"""CÔNG TY TNHH SAMSUNG DISPLAY VIỆT NAM"" AND (""mã số thuế"" OR ""công ty TNHH"" OR ""công ty cổ phần"" OR ""giấy phép kinh doanh"")",2300852009 - CÔNG TY TNHH SAMSUNG DISPLAY VIỆT NAM,
CÔNG TY TNHH SAMSUNG DISPLAY VIỆT NAM,Firecrawl,https://thuvienphapluat.vn/ma-so-thue/cong-ty-tnhh-samsung-display-viet-nam-nop-thay-mst-2300875599.html,english,"""CÔNG TY TNHH SAMSUNG DISPLAY VIỆT NAM"" AND (""mã số thuế"" OR ""công ty TNHH"" OR ""công ty cổ phần"" OR ""giấy phép kinh doanh"")",CÔNG TY TNHH SAMSUNG DISPLAY VIỆT NAM (NỘP THAY),
CÔNG TY TNHH SAMSUNG DISPLAY VIỆT NAM,Firecrawl,https://www.lei-lookup.com/record/9845005CED8881AF8F65/,english,"""CÔNG TY TNHH SAMSUNG DISPLAY VIỆT NAM"" AND (""mã số thuế"" OR ""công ty TNHH"" OR ""công ty cổ phần"" OR ""giấy phép kinh doanh"")",CÔNG TY TNHH SAMSUNG DISPLAY VIỆT NAM - LEI Lookup,
CÔNG TY TNHH SAMSUNG DISPLAY VIỆT NAM,Firecrawl,https://www.topcv.vn/cong-ty/cong-ty-tnhh-samsung-display-viet-nam/49952.html,english,"""CÔNG TY TNHH SAMSUNG DISPLAY VIỆT NAM"" AND (""mã số thuế"" OR ""công ty TNHH"" OR ""công ty cổ phần"" OR ""giấy phép kinh doanh"")",CÔNG TY TNHH SAMSUNG DISPLAY VIỆT NAM - TopCV,
CÔNG TY TNHH SAMSUNG DISPLAY VIỆT NAM,Firecrawl,https://www.tratencongty.com/company/c2474a69-cong-ty-tnhh-samsung-display-viet-nam/,english,"""CÔNG TY TNHH SAMSUNG DISPLAY VIỆT NAM"" AND (""mã số thuế"" OR ""công ty TNHH"" OR ""công ty cổ phần"" OR ""giấy phép kinh doanh"")",2300852009 - Công Ty TNHH Samsung Display Việt Nam,
CÔNG TY TNHH SAMSUNG DISPLAY VIỆT NAM,Firecrawl,https://www.emis.com/php/company-profile/VN/Samsung_Display_Vietnam_Co_Ltd__C%C3%B4ng_Ty_Tnhh_Samsung_Display_Vi%E1%BB%87t_Nam___C%C3%B4ng_Ty_Tnhh_Samsung_Display_Vi%E1%BB%87t_Nam__Samsung_Display_Vietnam_Co_Ltd___en_7353371.html,english,"""CÔNG TY TNHH SAMSUNG DISPLAY VIỆT NAM"" AND (""mã số thuế"" OR ""công ty TNHH"" OR ""công ty cổ phần"" OR ""giấy phép kinh doanh"")","Samsung Display Vietnam Co., Ltd. (Công Ty Tnhh Samsung ... - EMIS",
CÔNG TY TNHH SAMSUNG DISPLAY VIỆT NAM,Firecrawl,https://en.abrams.wiki/Cong-TY-Tnhh-Samsung-Display-Vi%E1%BB%87t-Nam/3-oAjxU_UQpKtm20KaA0AXqQ,english,"""CÔNG TY TNHH SAMSUNG DISPLAY VIỆT NAM"" AND (""mã số thuế"" OR ""công ty TNHH"" OR ""công ty cổ phần"" OR ""giấy phép kinh doanh"")",Công TY Tnhh Samsung Display Việt Nam,
CÔNG TY TNHH SAMSUNG DISPLAY VIỆT NAM,Firecrawl,https://fiingate.vn/Home/SetCulture?returnUrl=https%3A%2F%2Ffiingate.vn%2FBusinessDirectory%2FCompanyDetail%2F8081%3Flang%3Dvi-VN,english,"""CÔNG TY TNHH SAMSUNG DISPLAY VIỆT NAM"" AND (""mã số thuế"" OR ""công ty TNHH"" OR ""công ty cổ phần"" OR ""giấy phép kinh doanh"")",CÔNG TY TNHH SAMSUNG DISPLAY VIỆT NAM - FiinGate Website,
CÔNG TY TNHH SAMSUNG DISPLAY VIỆT NAM,Firecrawl,https://masothue.com/2300875599-cong-ty-tnhh-samsung-display-viet-nam-nop-thay,english,"""CÔNG TY TNHH SAMSUNG DISPLAY VIỆT NAM"" AND (""mã số thuế"" OR ""công ty TNHH"" OR ""công ty cổ phần"" OR ""giấy phép kinh doanh"")",CÔNG TY TNHH SAMSUNG DISPLAY VIỆT NAM (Nộp thay),
CÔNG TY TNHH SAMSUNG DISPLAY VIỆT NAM,Firecrawl,https://dauthau.net/vi/dn/CONG-TY-TNHH-SAMSUNG-DISPLAY-VIET-NAM/,english,"""CÔNG TY TNHH SAMSUNG DISPLAY VIỆT NAM"" AND (""mã số thuế"" OR ""công ty TNHH"" OR ""công ty cổ phần"" OR ""giấy phép kinh doanh"")",CÔNG TY TNHH SAMSUNG DISPLAY VIỆT NAM,
TẬP ĐOÀN ĐIỆN LỰC VIỆT NAM,Serper,https://masothue.com/0100100079-tap-doan-dien-luc-viet-nam,tax_code,0100100079,0100100079 - TẬP ĐOÀN ĐIỆN LỰC VIỆT NAM - MaSoThue,
TẬP ĐOÀN ĐIỆN LỰC VIỆT NAM,Serper,https://thuvienphapluat.vn/ma-so-thue/tap-doan-dien-luc-viet-nam-mst-0100100079.html,tax_code,0100100079,TẬP ĐOÀN ĐIỆN LỰC VIỆT NAM - Mã số thuế 0100100079,
TẬP ĐOÀN ĐIỆN LỰC VIỆT NAM,Serper,https://www.vnr500.com.vn/Thong-tin-doanh-nghiep/TAP-DOAN-DIEN-LUC-VIET-NAM-Chart--892-2018.html,tax_code,0100100079,TẬP ĐOÀN ĐIỆN LỰC VIỆT NAM - VNR500,
TẬP ĐOÀN ĐIỆN LỰC VIỆT NAM,Serper,https://www.evn.com.vn/,tax_code,0100100079,Trang thông tin điện tử tổng hợp - Tập đoàn Điện lực Việt Nam,
TẬP ĐOÀN ĐIỆN LỰC VIỆT NAM,Serper,https://masothue.com/0100100079-010-cong-ty-vien-thong-dien-luc-va-cong-nghe-thong-tin-chi-nhanh-tap-doan-dien-luc-viet-nam,tax_code,0100100079,0100100079-010 - CHI NHÁNH TẬP ĐOÀN ĐIỆN LỰC VIỆT NAM,
TẬP ĐOÀN ĐIỆN LỰC VIỆT NAM,Serper,https://thuvienphapluat.vn/ma-so-thue/cong-ty-vien-thong-dien-luc-va-cong-nghe-thong-tin-chi-nhanh-tap-doan-dien-luc-viet-nam-mst-0100100079-010.html,tax_code,0100100079,0100100079-010 - CHI NHÁNH TẬP ĐOÀN ĐIỆN LỰC VIỆT NAM,
TẬP ĐOÀN ĐIỆN LỰC VIỆT NAM,Serper,https://masothue.com/0100100079-092-ban-quan-ly-du-an-dien-3-chi-nhanh-tap-doan-dien-luc-viet-nam,tax_code,0100100079,0100100079-092 - BAN QUẢN LÝ DỰ ÁN ĐIỆN 3 - MaSoThue,
TẬP ĐOÀN ĐIỆN LỰC VIỆT NAM,Serper,http://doanhnghiep.mangvieclam.com/0100100079-010-trung-tam-vien-thong-va-cong-nghe-thong-tin-chi-nhanh-tap-doan-dien-luc-viet-nam.html,tax_code,0100100079,0100100079-010 – Trung Tâm Viễn Thông Và Công Nghệ Thông ...,
TẬP ĐOÀN ĐIỆN LỰC VIỆT NAM,Serper,https://pecc2.com/userfiles/file/EVN%20van%20dong%20huong%20ung%20Nguoi%20Viet%20dung%20hang%20Viet.pdf,tax_code,0100100079,[PDF] Công văn số: 1091/EVN-QLĐT - PECC2,
TẬP ĐOÀN ĐIỆN LỰC VIỆT NAM,Serper,https://thuvienphapluat.vn/ma-so-thue/ban-quan-ly-du-an-dien-2-chi-nhanh-tap-doan-dien-luc-viet-nam-mst-0100100079-091.html,tax_code,0100100079,0100100079-091 - CHI NHÁNH TẬP ĐOÀN ĐIỆN LỰC VIỆT NAM,
TẬP ĐOÀN ĐIỆN LỰC VIỆT NAM,Firecrawl,https://masothue.com/0100100079-tap-doan-dien-luc-viet-nam,english,"""TẬP ĐOÀN ĐIỆN LỰC VIỆT NAM"" AND (""mã số thuế"" OR ""công ty TNHH"" OR ""công ty cổ phần"" OR ""giấy phép kinh doanh"")",0100100079 - TẬP ĐOÀN ĐIỆN LỰC VIỆT NAM - MaSoThue,
TẬP ĐOÀN ĐIỆN LỰC VIỆT NAM,Firecrawl,https://tintucketoan.com/ma-so-thue-tap-doan-dien-luc-viet-nam/,english,"""TẬP ĐOÀN ĐIỆN LỰC VIỆT NAM"" AND (""mã số thuế"" OR ""công ty TNHH"" OR ""công ty cổ phần"" OR ""giấy phép kinh doanh"")",Mã số thuế Tập Đoàn Điện Lực Việt Nam - KẾ TOÁN HÀ NỘI GROUP,
TẬP ĐOÀN ĐIỆN LỰC VIỆT NAM,Firecrawl,https://www.vnr500.com.vn/Thong-tin-doanh-nghiep/TAP-DOAN-DIEN-LUC-VIET-NAM-Chart--892-2018.html,english,"""TẬP ĐOÀN ĐIỆN LỰC VIỆT NAM"" AND (""mã số thuế"" OR ""công ty TNHH"" OR ""công ty cổ phần"" OR ""giấy phép kinh doanh"")",TẬP ĐOÀN ĐIỆN LỰC VIỆT NAM - VNR500,
TẬP ĐOÀN ĐIỆN LỰC VIỆT NAM,Firecrawl,https://masothue.com/0100100079-080-chi-nhanh-tap-doan-dien-luc-viet-nam-cong-ty-thuy-dien-dong-nai,english,"""TẬP ĐOÀN ĐIỆN LỰC VIỆT NAM"" AND (""mã số thuế"" OR ""công ty TNHH"" OR ""công ty cổ phần"" OR ""giấy phép kinh doanh"")",0100100079-080 - CHI NHÁNH TẬP ĐOÀN ĐIỆN LỰC VIỆT NAM,
TẬP ĐOÀN ĐIỆN LỰC VIỆT NAM,Firecrawl,https://www.evn.com.vn/UserFile/User/XuanTien/congbothongtinABS.pdf,english,"""TẬP ĐOÀN ĐIỆN LỰC VIỆT NAM"" AND (""mã số thuế"" OR ""công ty TNHH"" OR ""công ty cổ phần"" OR ""giấy phép kinh doanh"")",[PDF] Bản công bố thông tin - EVN,
TẬP ĐOÀN ĐIỆN LỰC VIỆT NAM,Firecrawl,https://htpldn.moj.gov.vn/SMPT_Publishing_UC/TinTuc/PrintTL.aspx?idb=2&ItemID=77&l=/noidung/tintuc/Lists/Vanbanchinhsachmoi,english,"""TẬP ĐOÀN ĐIỆN LỰC VIỆT NAM"" AND (""mã số thuế"" OR ""công ty TNHH"" OR ""công ty cổ phần"" OR ""giấy phép kinh doanh"")",Bộ Tài chính thay đổi cơ quan trực tiếp quản lý thuế 3 Tập đoàn ...,
TẬP ĐOÀN ĐIỆN LỰC VIỆT NAM,Firecrawl,https://thuvienphapluat.vn/ma-so-thue/tap-doan-dien-luc-viet-nam-mst-0105967570.html,english,"""TẬP ĐOÀN ĐIỆN LỰC VIỆT NAM"" AND (""mã số thuế"" OR ""công ty TNHH"" OR ""công ty cổ phần"" OR ""giấy phép kinh doanh"")",TẬP ĐOÀN ĐIỆN LỰC VIỆT NAM - Mã số thuế 0105967570,
TẬP ĐOÀN ĐIỆN LỰC VIỆT NAM,Firecrawl,https://masothue.com/0110084958-ban-quan-ly-du-an-dien-2-chi-nhanh-tap-doan-dien-luc-viet-nam,english,"""TẬP ĐOÀN ĐIỆN LỰC VIỆT NAM"" AND (""mã số thuế"" OR ""công ty TNHH"" OR ""công ty cổ phần"" OR ""giấy phép kinh doanh"")",0110084958 - CHI NHÁNH TẬP ĐOÀN ĐIỆN LỰC VIỆT NAM,
TẬP ĐOÀN ĐIỆN LỰC VIỆT NAM,Firecrawl,https://vi.wikipedia.org/wiki/T%E1%BA%ADp_%C4%91o%C3%A0n_%C4%90i%E1%BB%87n_l%E1%BB%B1c_Vi%E1%BB%87t_Nam,english,"""TẬP ĐOÀN ĐIỆN LỰC VIỆT NAM"" AND (""mã số thuế"" OR ""công ty TNHH"" OR ""công ty cổ phần"" OR ""giấy phép kinh doanh"")",Tập đoàn Điện lực Việt Nam - Wikipedia,
TẬP ĐOÀN ĐIỆN LỰC VIỆT NAM,Firecrawl,https://masothue.com/0110084958-ban-quan-ly-du-an-dien-2-chi-nhanh-tap-doan-dien-luc-viet-nam,english,"""TẬP ĐOÀN ĐIỆN LỰC VIỆT NAM"" AND (""mã số thuế"" OR ""công ty TNHH"" OR ""công ty cổ phần"" OR ""giấy phép kinh doanh"")",0110084958 - CHI NHÁNH TẬP ĐOÀN ĐIỆN LỰC VIỆT NAM,
CÔNG TY TNHH SAMSUNG ELECTRONICS VIỆT NAM THÁI NGUYÊN,Serper,https://masothue.com/4601124536-cong-ty-tnhh-samsung-electronics-viet-nam-thai-nguyen,tax_code,4601124536,4601124536 - CÔNG TY TNHH SAMSUNG ELECTRONICS VIỆT ...,
CÔNG TY TNHH SAMSUNG ELECTRONICS VIỆT NAM THÁI NGUYÊN,Serper,https://www.yellowpages.com.vn/listings/1187880255/vietnam-thai-nguyen-samsung-electronics-co.-ltd.html,tax_code,4601124536,"Vietnam Thai Nguyen Samsung Electronics Co., Ltd",
CÔNG TY TNHH SAMSUNG ELECTRONICS VIỆT NAM THÁI NGUYÊN,Serper,https://thuvienphapluat.vn/ma-so-thue/cong-ty-tnhh-samsung-electronics-viet-nam-thai-nguyen-mst-4601124536.html,tax_code,4601124536,4601124536 - CÔNG TY TNHH SAMSUNG ELECTRONICS VIỆT ...,
CÔNG TY TNHH SAMSUNG ELECTRONICS VIỆT NAM THÁI NGUYÊN,Serper,https://panjiva.com/Samsung-Electronics-Vietnam-Thai-Nguyen-Co-Ltd-Sevt/33325914,tax_code,4601124536,"Samsung Electronics Vietnam Thai Nguyen Co., Ltd. (Sevt) - Panjiva",
CÔNG TY TNHH SAMSUNG ELECTRONICS VIỆT NAM THÁI NGUYÊN,Serper,https://profit500.vn/Thong-tin-doanh-nghiep/CONG-TY-TNHH-SAMSUNG-ELECTRONICS-VIET-NAM-THAI-NGUYEN-Chart--43612-2023.html,tax_code,4601124536,CÔNG TY TNHH SAMSUNG ELECTRONICS VIỆT NAM THÁI ...,
CÔNG TY TNHH SAMSUNG ELECTRONICS VIỆT NAM THÁI NGUYÊN,Serper,https://makeinvietnam.mic.gov.vn/SearchProfile/CompanyDetail/24092,tax_code,4601124536,công ty tnhh samsung electronics việt nam thái nguyên,
CÔNG TY TNHH SAMSUNG ELECTRONICS VIỆT NAM THÁI NGUYÊN,Serper,https://masothue.com/4601124536-001-cong-ty-tnhh-samsung-electronics-viet-nam-thai-nguyen-chi-nhanh-thanh-pho-ho-chi-minh,tax_code,4601124536,4601124536-001 - CÔNG TY TNHH SAMSUNG ELECTRONICS ...,
CÔNG TY TNHH SAMSUNG ELECTRONICS VIỆT NAM THÁI NGUYÊN,Serper,https://trangvangvietnam.com/listings/1187887707/cong-ty-tnhh-samsung-electronics-thai-nguyen.html,tax_code,4601124536,Công Ty TNHH Samsung Electronics Thái Nguyên - Trang vàng,
CÔNG TY TNHH SAMSUNG ELECTRONICS VIỆT NAM THÁI NGUYÊN,Serper,https://www.tratencongty.com/company/14b62a9f8-cong-ty-tnhh-samsung-electronics-viet-nam-thai-nguyen/,tax_code,4601124536,Công Ty TNHH Samsung Electronics Việt Nam Thái Nguyên,
CÔNG TY TNHH SAMSUNG ELECTRONICS VIỆT NAM THÁI NGUYÊN,Serper,https://cktc.vn/cong-ty-tnhh-samsung-electronics-viet-nam-thai-nguyen.html?srsltid=AfmBOooqHZ7BMY_Le01gQYzVFnZ3KGIAkWYDW8Qawlz1wlGQO2qIxz8w,tax_code,4601124536,CÔNG TY TNHH SAMSUNG ELECTRONICS VIỆT NAM ... - CKTC,
CÔNG TY TNHH SAMSUNG ELECTRONICS VIỆT NAM THÁI NGUYÊN,Firecrawl,https://thuvienphapluat.vn/ma-so-thue/cong-ty-tnhh-samsung-electronics-viet-nam-thai-nguyen-mst-4601124536.html,english,"""CÔNG TY TNHH SAMSUNG ELECTRONICS VIỆT NAM THÁI NGUYÊN"" AND (""mã số thuế"" OR ""công ty TNHH"" OR ""công ty cổ phần"" OR ""giấy phép kinh doanh"")",4601124536 - CÔNG TY TNHH SAMSUNG ELECTRONICS VIỆT ...,
CÔNG TY TNHH SAMSUNG ELECTRONICS VIỆT NAM THÁI NGUYÊN,Firecrawl,https://masothue.com/4601132350-cong-ty-tnhh-samsung-electronics-viet-nam-thai-nguyen,english,"""CÔNG TY TNHH SAMSUNG ELECTRONICS VIỆT NAM THÁI NGUYÊN"" AND (""mã số thuế"" OR ""công ty TNHH"" OR ""công ty cổ phần"" OR ""giấy phép kinh doanh"")",Công ty TNHH Samsung Electronics Việt nam Thái Nguyên,
CÔNG TY TNHH SAMSUNG ELECTRONICS VIỆT NAM THÁI NGUYÊN,Firecrawl,https://www.yellowpages.vn/lgs/1187880255/cong-ty-tnhh-samsung-electronics-viet-nam-thai-nguyen.html,english,"""CÔNG TY TNHH SAMSUNG ELECTRONICS VIỆT NAM THÁI NGUYÊN"" AND (""mã số thuế"" OR ""công ty TNHH"" OR ""công ty cổ phần"" OR ""giấy phép kinh doanh"")",Công Ty TNHH Samsung Electronics Việt Nam Thái Nguyên,
CÔNG TY TNHH SAMSUNG ELECTRONICS VIỆT NAM THÁI NGUYÊN,Firecrawl,https://thuvienphapluat.vn/ma-so-thue/cong-ty-tnhh-samsung-electronics-viet-nam-thai-nguyen-mst-4601132350.html,english,"""CÔNG TY TNHH SAMSUNG ELECTRONICS VIỆT NAM THÁI NGUYÊN"" AND (""mã số thuế"" OR ""công ty TNHH"" OR ""công ty cổ phần"" OR ""giấy phép kinh doanh"")",4601132350 - CÔNG TY TNHH SAMSUNG ELECTRONICS VIỆT ...,
CÔNG TY TNHH SAMSUNG ELECTRONICS VIỆT NAM THÁI NGUYÊN,Firecrawl,https://www.tratencongty.com/company/14b62c87e-cong-ty-tnhh-samsung-electronics-viet-nam-thai-nguyen/,english,"""CÔNG TY TNHH SAMSUNG ELECTRONICS VIỆT NAM THÁI NGUYÊN"" AND (""mã số thuế"" OR ""công ty TNHH"" OR ""công ty cổ phần"" OR ""giấy phép kinh doanh"")",Công Ty TNHH Samsung Electronics Việt Nam Thái Nguyên,
CÔNG TY TNHH SAMSUNG ELECTRONICS VIỆT NAM THÁI NGUYÊN,Firecrawl,https://makeinvietnam.mic.gov.vn/SearchProfile/CompanyDetail/24092,english,"""CÔNG TY TNHH SAMSUNG ELECTRONICS VIỆT NAM THÁI NGUYÊN"" AND (""mã số thuế"" OR ""công ty TNHH"" OR ""công ty cổ phần"" OR ""giấy phép kinh doanh"")",công ty tnhh samsung electronics việt nam thái nguyên,
CÔNG TY TNHH SAMSUNG ELECTRONICS VIỆT NAM THÁI NGUYÊN,Firecrawl,https://profit500.vn/Thong-tin-doanh-nghiep/CONG-TY-TNHH-SAMSUNG-ELECTRONICS-VIET-NAM-THAI-NGUYEN-Chart--43612-2021.html,english,"""CÔNG TY TNHH SAMSUNG ELECTRONICS VIỆT NAM THÁI NGUYÊN"" AND (""mã số thuế"" OR ""công ty TNHH"" OR ""công ty cổ phần"" OR ""giấy phép kinh doanh"")",CÔNG TY TNHH SAMSUNG ELECTRONICS VIỆT NAM THÁI ...,
CÔNG TY TNHH SAMSUNG ELECTRONICS VIỆT NAM THÁI NGUYÊN,Firecrawl,https://en.abrams.wiki/Cong-TY-Tnhh-Samsung-Electronics-Vi%E1%BB%87t-Nam-Thai-Nguyen/3-zQkfoY9YKgum9HBMlIB11Q,english,"""CÔNG TY TNHH SAMSUNG ELECTRONICS VIỆT NAM THÁI NGUYÊN"" AND (""mã số thuế"" OR ""công ty TNHH"" OR ""công ty cổ phần"" OR ""giấy phép kinh doanh"")",Công TY Tnhh Samsung Electronics Việt Nam Thái Nguyên,
CÔNG TY TNHH SAMSUNG ELECTRONICS VIỆT NAM THÁI NGUYÊN,Firecrawl,https://cafef.vn/du-lieu/otc/sevt-cong-ty-tnhh-samsung-electronics-viet-nam-thai-nguyen.chn,english,"""CÔNG TY TNHH SAMSUNG ELECTRONICS VIỆT NAM THÁI NGUYÊN"" AND (""mã số thuế"" OR ""công ty TNHH"" OR ""công ty cổ phần"" OR ""giấy phép kinh doanh"")",Công ty TNHH Samsung Electronics Việt Nam Thái Nguyên (OTC),
CÔNG TY TNHH SAMSUNG ELECTRONICS VIỆT NAM THÁI NGUYÊN,Firecrawl,https://cafef.vn/du-lieu/otc/sevt-cong-ty-tnhh-samsung-electronics-viet-nam-thai-nguyen.chn,english,"""CÔNG TY TNHH SAMSUNG ELECTRONICS VIỆT NAM THÁI NGUYÊN"" AND (""mã số thuế"" OR ""công ty TNHH"" OR ""công ty cổ phần"" OR ""giấy phép kinh doanh"")",Công ty TNHH Samsung Electronics Việt Nam Thái Nguyên (OTC),
"QUOC THAI CO., LTD",Firecrawl,https://thuvienphapluat.vn/ma-so-thue/cong-ty-tnhh-quoc-thai-mst-1100619645.html,english,"""QUOC THAI CO., LTD"" AND (""mã số thuế"" OR ""công ty TNHH"" OR ""công ty cổ phần"" OR ""giấy phép kinh doanh"")",CÔNG TY TNHH QUỐC THÁI - Mã số thuế 1100619645,
"QUOC THAI CO., LTD",Firecrawl,https://masothue.com/1100619645-cong-ty-tnhh-quoc-thai,english,"""QUOC THAI CO., LTD"" AND (""mã số thuế"" OR ""công ty TNHH"" OR ""công ty cổ phần"" OR ""giấy phép kinh doanh"")",1100619645 - CÔNG TY TNHH QUỐC THÁI - MaSoThue,
"QUOC THAI CO., LTD",Firecrawl,https://www.tratencongty.com/company/7abd32bd-cong-ty-tnhh-quoc-thai/,english,"""QUOC THAI CO., LTD"" AND (""mã số thuế"" OR ""công ty TNHH"" OR ""công ty cổ phần"" OR ""giấy phép kinh doanh"")",1100619645 - Công Ty TNHH Quốc Thái,
"QUOC THAI CO., LTD",Firecrawl,https://thuvienphapluat.vn/ma-so-thue/cong-ty-tnhh-thuong-mai-quoc-thai-mst-0101326110.html,english,"""QUOC THAI CO., LTD"" AND (""mã số thuế"" OR ""công ty TNHH"" OR ""công ty cổ phần"" OR ""giấy phép kinh doanh"")",0101326110 - CÔNG TY TNHH THƯƠNG MẠI QUỐC THÁI,
"QUOC THAI CO., LTD",Firecrawl,https://masothue.com/2801417656-cong-ty-tnhh-san-xuat-va-thuong-mai-quoc-thai,english,"""QUOC THAI CO., LTD"" AND (""mã số thuế"" OR ""công ty TNHH"" OR ""công ty cổ phần"" OR ""giấy phép kinh doanh"")",CÔNG TY TNHH SẢN XUẤT VÀ THƯƠNG MẠI QUỐC THÁI,
"QUOC THAI CO., LTD",Firecrawl,https://yp.vn/listing/cong-ty-tnhh-thuong-mai-xay-dung-quoc-thai-1500528248/,english,"""QUOC THAI CO., LTD"" AND (""mã số thuế"" OR ""công ty TNHH"" OR ""công ty cổ phần"" OR ""giấy phép kinh doanh"")",CÔNG TY TNHH THƯƠNG MẠI-XÂY DỰNG QUỐC THÁI,
"QUOC THAI CO., LTD",Firecrawl,https://dauthau.net/vi/dn/CONG-TY-TNHH-SAN-XUAT-VA-THUONG-MAI-QUOC-THAI/,english,"""QUOC THAI CO., LTD"" AND (""mã số thuế"" OR ""công ty TNHH"" OR ""công ty cổ phần"" OR ""giấy phép kinh doanh"")",CÔNG TY TNHH SẢN XUẤT VÀ THƯƠNG MẠI QUỐC THÁI,
"QUOC THAI CO., LTD",Firecrawl,https://thuvienphapluat.vn/ma-so-thue/cty-tnhh-dich-vu-san-xuat-thuong-mai-quoc-thai-mst-0302681637.html,english,"""QUOC THAI CO., LTD"" AND (""mã số thuế"" OR ""công ty TNHH"" OR ""công ty cổ phần"" OR ""giấy phép kinh doanh"")",CTY TNHH DỊCH VỤ SẢN XUẤT THƯƠNG MẠI QUỐC THÁI,
"QUOC THAI CO., LTD",Firecrawl,https://masothue.com/1500528248-cong-ty-tnhh-thuong-mai-xay-dung-quoc-thai,english,"""QUOC THAI CO., LTD"" AND (""mã số thuế"" OR ""công ty TNHH"" OR ""công ty cổ phần"" OR ""giấy phép kinh doanh"")",1500528248 - CÔNG TY TNHH THƯƠNG MẠI-XÂY DỰNG QUỐC ...,
"QUOC THAI CO., LTD",Firecrawl,https://www.tratencongty.com/company/e01d50f8-cong-ty-tnhh-san-xuat-va-thuong-mai-quoc-thai/,english,"""QUOC THAI CO., LTD"" AND (""mã số thuế"" OR ""công ty TNHH"" OR ""công ty cổ phần"" OR ""giấy phép kinh doanh"")",2801417656 - Công Ty TNHH Sản Xuất Và Thương Mại Quốc Thái,
PHÒNG THƯƠNG MẠI VÀ CÔNG NGHIỆP VIỆT NAM,Firecrawl,https://masothue.com/0106538207-phong-thuong-mai-va-cong-nghiep-viet-nam,english,"""PHÒNG THƯƠNG MẠI VÀ CÔNG NGHIỆP VIỆT NAM"" AND (""mã số thuế"" OR ""công ty TNHH"" OR ""công ty cổ phần"" OR ""giấy phép kinh doanh"")",0106538207 - Phòng Thương mại và Công nghiệp Việt Nam,
PHÒNG THƯƠNG MẠI VÀ CÔNG NGHIỆP VIỆT NAM,Firecrawl,https://www.tratencongty.com/company/3f1b37e7-phong-thuong-mai-va-cong-nghiep-viet-nam/,english,"""PHÒNG THƯƠNG MẠI VÀ CÔNG NGHIỆP VIỆT NAM"" AND (""mã số thuế"" OR ""công ty TNHH"" OR ""công ty cổ phần"" OR ""giấy phép kinh doanh"")",0100148391 - Phòng Thương Mại Và Công Nghiệp Việt Nam,
PHÒNG THƯƠNG MẠI VÀ CÔNG NGHIỆP VIỆT NAM,Firecrawl,https://masothue.com/0104029243-phong-thuong-mai-va-cong-nghiep-viet-nam,english,"""PHÒNG THƯƠNG MẠI VÀ CÔNG NGHIỆP VIỆT NAM"" AND (""mã số thuế"" OR ""công ty TNHH"" OR ""công ty cổ phần"" OR ""giấy phép kinh doanh"")",0104029243 - Phòng thương mại và công nghiệp Việt Nam,
PHÒNG THƯƠNG MẠI VÀ CÔNG NGHIỆP VIỆT NAM,Firecrawl,https://vcci.com.vn/uploads/Phi%E1%BA%BFu_%C4%91%C4%83ng_k%C3%BD1.doc,english,"""PHÒNG THƯƠNG MẠI VÀ CÔNG NGHIỆP VIỆT NAM"" AND (""mã số thuế"" OR ""công ty TNHH"" OR ""công ty cổ phần"" OR ""giấy phép kinh doanh"")",[DOC] Phòng Thương mại và Công nghiệp Việt Nam - VCCI,
PHÒNG THƯƠNG MẠI VÀ CÔNG NGHIỆP VIỆT NAM,Firecrawl,https://asemconnectvietnam.gov.vn/Business.aspx?ZID1=0&ID1=1&Biz_id=9003,english,"""PHÒNG THƯƠNG MẠI VÀ CÔNG NGHIỆP VIỆT NAM"" AND (""mã số thuế"" OR ""công ty TNHH"" OR ""công ty cổ phần"" OR ""giấy phép kinh doanh"")",ASEMCONNECTVIETNAM,
PHÒNG THƯƠNG MẠI VÀ CÔNG NGHIỆP VIỆT NAM,Firecrawl,http://www.vietnamtextile.org.vn/phong-thuong-mai-va-cong-nghiep-viet-nam-co-ten-goi-moi_p1_1-1_2-1_3-597_4-5921_9-2_11-10_12-50_13-504.html,english,"""PHÒNG THƯƠNG MẠI VÀ CÔNG NGHIỆP VIỆT NAM"" AND (""mã số thuế"" OR ""công ty TNHH"" OR ""công ty cổ phần"" OR ""giấy phép kinh doanh"")",'Phòng Thương mại và Công nghiệp Việt Nam' có tên gọi mới,
PHÒNG THƯƠNG MẠI VÀ CÔNG NGHIỆP VIỆT NAM,Firecrawl,https://www.tratencongty.com/company/3f7cb81f-phong-thuong-mai-va-cong-nghiep-viet-nam/,english,"""PHÒNG THƯƠNG MẠI VÀ CÔNG NGHIỆP VIỆT NAM"" AND (""mã số thuế"" OR ""công ty TNHH"" OR ""công ty cổ phần"" OR ""giấy phép kinh doanh"")",0106538207 - Phòng Thương Mại Và Công Nghiệp Việt Nam,
PHÒNG THƯƠNG MẠI VÀ CÔNG NGHIỆP VIỆT NAM,Firecrawl,https://thuvienphapluat.vn/ma-so-thue/phong-thuong-mai-va-cong-nghiep-viet-nam-mst-0104029243.html,english,"""PHÒNG THƯƠNG MẠI VÀ CÔNG NGHIỆP VIỆT NAM"" AND (""mã số thuế"" OR ""công ty TNHH"" OR ""công ty cổ phần"" OR ""giấy phép kinh doanh"")",0104029243 - PHÒNG THƯƠNG MẠI VÀ CÔNG NGHIỆP VIỆT NAM,
PHÒNG THƯƠNG MẠI VÀ CÔNG NGHIỆP VIỆT NAM,Firecrawl,https://dauthau.asia/businesslistings/detail/Chi-nhanh-Phong-Thuong-mai-va-Cong-nghiep-Viet-Nam-tai-Can-Tho-88711/,english,"""PHÒNG THƯƠNG MẠI VÀ CÔNG NGHIỆP VIỆT NAM"" AND (""mã số thuế"" OR ""công ty TNHH"" OR ""công ty cổ phần"" OR ""giấy phép kinh doanh"")",Chi nhánh Phòng Thương mại và Công nghiệp Việt Nam tại Cần Thơ,
PHÒNG THƯƠNG MẠI VÀ CÔNG NGHIỆP VIỆT NAM,Firecrawl,http://www.vietnamtextile.org.vn/phong-thuong-mai-va-cong-nghiep-viet-nam-co-ten-goi-moi_p1_1-1_2-1_3-597_4-5921_9-2_11-10_12-50_13-504.html,english,"""PHÒNG THƯƠNG MẠI VÀ CÔNG NGHIỆP VIỆT NAM"" AND (""mã số thuế"" OR ""công ty TNHH"" OR ""công ty cổ phần"" OR ""giấy phép kinh doanh"")",'Phòng Thương mại và Công nghiệp Việt Nam' có tên gọi mới,
CAPELLA LAND JOINT STOCK COMPANY,Firecrawl,https://fiingate.vn/BusinessDirectory/CompanyDetail/618395,english,"""CAPELLA LAND JOINT STOCK COMPANY"" AND (""mã số thuế"" OR ""công ty TNHH"" OR ""công ty cổ phần"" OR ""giấy phép kinh doanh"")",CAPELLA LAND JOINT STOCK COMPANY - FiinGate Website,
CAPELLA LAND JOINT STOCK COMPANY,Firecrawl,https://dauthau.net/vi/dn/CONG-TY-CO-PHAN-BAT-DONG-SAN-CAPELLA/,english,"""CAPELLA LAND JOINT STOCK COMPANY"" AND (""mã số thuế"" OR ""công ty TNHH"" OR ""công ty cổ phần"" OR ""giấy phép kinh doanh"")",CÔNG TY CỔ PHẦN BẤT ĐỘNG SẢN CAPELLA - DauThau.Net,
CAPELLA LAND JOINT STOCK COMPANY,Firecrawl,https://jobsgo.vn/tuyen-dung/cong-ty-co-phan-bat-dong-san-capella-4192081722.html,english,"""CAPELLA LAND JOINT STOCK COMPANY"" AND (""mã số thuế"" OR ""công ty TNHH"" OR ""công ty cổ phần"" OR ""giấy phép kinh doanh"")",Công Ty Cổ Phần Bất Động Sản Capella - JobsGO,
CAPELLA LAND JOINT STOCK COMPANY,Firecrawl,https://yp.vn/listing/cong-ty-co-phan-bat-dong-san-capella-0106840552,english,"""CAPELLA LAND JOINT STOCK COMPANY"" AND (""mã số thuế"" OR ""công ty TNHH"" OR ""công ty cổ phần"" OR ""giấy phép kinh doanh"")",CÔNG TY CỔ PHẦN BẤT ĐỘNG SẢN CAPELLA - Những Trang ...,
CAPELLA LAND JOINT STOCK COMPANY,Firecrawl,https://www.scribd.com/document/510310098/Capella,english,"""CAPELLA LAND JOINT STOCK COMPANY"" AND (""mã số thuế"" OR ""công ty TNHH"" OR ""công ty cổ phần"" OR ""giấy phép kinh doanh"")",Capella | PDF - Scribd,
CAPELLA LAND JOINT STOCK COMPANY,Firecrawl,https://fiingate.vn/Home/SetCulture?returnUrl=https%3A%2F%2Ffiingate.vn%2FBusinessDirectory%2FCompanyDetail%2F618395%3Flang%3Dvi-VN,english,"""CAPELLA LAND JOINT STOCK COMPANY"" AND (""mã số thuế"" OR ""công ty TNHH"" OR ""công ty cổ phần"" OR ""giấy phép kinh doanh"")",CÔNG TY CỔ PHẦN BẤT ĐỘNG SẢN CAPELLA - FiinGate Website,
CAPELLA LAND JOINT STOCK COMPANY,Firecrawl,https://m.facebook.com/111600210613131/photos/a.111600253946460/111601180613034/?locale=ms_MY,english,"""CAPELLA LAND JOINT STOCK COMPANY"" AND (""mã số thuế"" OR ""công ty TNHH"" OR ""công ty cổ phần"" OR ""giấy phép kinh doanh"")",Thanh Liem Industrial Park... - Thanh Liem Industrial Park - Facebook,
CAPELLA LAND JOINT STOCK COMPANY,Firecrawl,https://www.studocu.vn/vn/document/hoc-vien-tai-chinh/accounting/capella-compress-aaaaaa/117886703,english,"""CAPELLA LAND JOINT STOCK COMPANY"" AND (""mã số thuế"" OR ""công ty TNHH"" OR ""công ty cổ phần"" OR ""giấy phép kinh doanh"")",Báo cáo thực tập giữa khóa Kinh tế đối ngoại - Công ty Capella,
CAPELLA LAND JOINT STOCK COMPANY,Firecrawl,https://static2.vietstock.vn/vietstock/2025/4/16/20250416_sam_250416_annual_report_2024.pdf,english,"""CAPELLA LAND JOINT STOCK COMPANY"" AND (""mã số thuế"" OR ""công ty TNHH"" OR ""công ty cổ phần"" OR ""giấy phép kinh doanh"")",[PDF] ANNUAL REPORT - Vietstock,
CAPELLA LAND JOINT STOCK COMPANY,Firecrawl,https://samholdings.com.vn/wp-content/uploads/2025/08/20250829-SAM-Reviewed-interim-separate-financial-statements-1H2025.pdf,english,"""CAPELLA LAND JOINT STOCK COMPANY"" AND (""mã số thuế"" OR ""công ty TNHH"" OR ""công ty cổ phần"" OR ""giấy phép kinh doanh"")","[PDF] TP HCM, ngày 29 tháng 08 năm 2025 Ho Chi Minh ... - SAM Holdings",
CT TNHH MTV ĐT VÀ KD BĐS SƠN GIANG NHÂN,Firecrawl,https://thuvienphapluat.vn/ma-so-thue/cong-ty-tnhh-mot-thanh-vien-dau-tu-va-kinh-doanh-bat-dong-san-son-giang-nhan-mst-0305478714.html,english,"""CT TNHH MTV ĐT VÀ KD BĐS SƠN GIANG NHÂN"" AND (""mã số thuế"" OR ""công ty TNHH"" OR ""công ty cổ phần"" OR ""giấy phép kinh doanh"")",0305478714 - CÔNG TY TNHH MỘT THÀNH VIÊN ĐẦU TƯ VÀ ...,
CT TNHH MTV ĐT VÀ KD BĐS SƠN GIANG NHÂN,Firecrawl,https://dauthau.net/vi/dn/CONG-TY-TNHH-MOT-THANH-VIEN-DAU-TU-VA-KINH-DOANH-BAT-DONG-SAN-SON-GIANG-NHAN/,english,"""CT TNHH MTV ĐT VÀ KD BĐS SƠN GIANG NHÂN"" AND (""mã số thuế"" OR ""công ty TNHH"" OR ""công ty cổ phần"" OR ""giấy phép kinh doanh"")",CÔNG TY TNHH MỘT THÀNH VIÊN ĐẦU TƯ VÀ KINH DOANH BẤT ...,
CT TNHH MTV ĐT VÀ KD BĐS SƠN GIANG NHÂN,Firecrawl,https://masothue.com/2500717381-cong-ty-co-phan-tap-doan-bat-dong-san-giang-son,english,"""CT TNHH MTV ĐT VÀ KD BĐS SƠN GIANG NHÂN"" AND (""mã số thuế"" OR ""công ty TNHH"" OR ""công ty cổ phần"" OR ""giấy phép kinh doanh"")",CÔNG TY CỔ PHẦN TẬP ĐOÀN BẤT ĐỘNG SẢN GIANG SƠN,
CT TNHH MTV ĐT VÀ KD BĐS SƠN GIANG NHÂN,Firecrawl,https://www.vietnamtradeportal.gov.vn/kcfinder/upload/files/Phu%20luc%20TT49_2010-BNN.pdf,english,"""CT TNHH MTV ĐT VÀ KD BĐS SƠN GIANG NHÂN"" AND (""mã số thuế"" OR ""công ty TNHH"" OR ""công ty cổ phần"" OR ""giấy phép kinh doanh"")",[PDF] PHỤ LỤC 01 - Vietnam trade portal,
CT TNHH MTV ĐT VÀ KD BĐS SƠN GIANG NHÂN,Firecrawl,https://masothue.com/0108526013-cong-ty-tnhh-dau-tu-va-kinh-doanh-bds-viet-nam,english,"""CT TNHH MTV ĐT VÀ KD BĐS SƠN GIANG NHÂN"" AND (""mã số thuế"" OR ""công ty TNHH"" OR ""công ty cổ phần"" OR ""giấy phép kinh doanh"")",CÔNG TY TNHH ĐẦU TƯ VÀ KINH DOANH BĐS VIỆT NAM,
CT TNHH MTV ĐT VÀ KD BĐS SƠN GIANG NHÂN,Firecrawl,https://hanoi.baohiemxahoi.gov.vn/content/tintuc/Lists/News/Attachments/35573/Danh%20s%C3%A1ch%20ch%E1%BA%ADm%20%C4%91%C3%B3ng%20BHXH%20th%C3%A1ng%208.pdf,english,"""CT TNHH MTV ĐT VÀ KD BĐS SƠN GIANG NHÂN"" AND (""mã số thuế"" OR ""công ty TNHH"" OR ""công ty cổ phần"" OR ""giấy phép kinh doanh"")",[PDF] Danh sách chậm đóng BHXH tháng 8.pdf,
CT TNHH MTV ĐT VÀ KD BĐS SƠN GIANG NHÂN,Firecrawl,https://longgiangland.com.vn/wp-content/uploads/2022/05/20220420-lgl-bao-cao-thuong-nien-nam-2021.pdf,english,"""CT TNHH MTV ĐT VÀ KD BĐS SƠN GIANG NHÂN"" AND (""mã số thuế"" OR ""công ty TNHH"" OR ""công ty cổ phần"" OR ""giấy phép kinh doanh"")",[PDF] Báo cáo thường niên Long Giang Land 2021,
CT TNHH MTV ĐT VÀ KD BĐS SƠN GIANG NHÂN,Firecrawl,https://qppl.dienbien.gov.vn/qlvb/vbpq.nsf/3d0f058120469ad34725726600365420/1D437F2EAC29F515472589010007B614/$file/7648_VPCP-KTTH_11112022_24.xls,english,"""CT TNHH MTV ĐT VÀ KD BĐS SƠN GIANG NHÂN"" AND (""mã số thuế"" OR ""công ty TNHH"" OR ""công ty cổ phần"" OR ""giấy phép kinh doanh"")",[XLS] PL4 - UBND tỉnh Điện Biên,
CT TNHH MTV ĐT VÀ KD BĐS SƠN GIANG NHÂN,Firecrawl,https://cafef1.mediacdn.vn/Images/Uploaded/DuLieuDownload/BanCaoBach/HPX_BCB_2018.pdf,english,"""CT TNHH MTV ĐT VÀ KD BĐS SƠN GIANG NHÂN"" AND (""mã số thuế"" OR ""công ty TNHH"" OR ""công ty cổ phần"" OR ""giấy phép kinh doanh"")",[PDF] CÔNG TY CỔ PHẦN ĐẦU TƯ HẢI PHÁT,
CHI NHÁNH 2 CÔNG TY TNHH TẬP ĐOÀN TIIM,Firecrawl,https://masothue.com/0312032800-002-chi-nhanh-2-cong-ty-tnhh-tap-doan-tiim,english,"""CHI NHÁNH 2 CÔNG TY TNHH TẬP ĐOÀN TIIM"" AND (""mã số thuế"" OR ""công ty TNHH"" OR ""công ty cổ phần"" OR ""giấy phép kinh doanh"")",0312032800-002 - CHI NHÁNH 2 CÔNG TY TNHH TẬP ĐOÀN TIIM,
CHI NHÁNH 2 CÔNG TY TNHH TẬP ĐOÀN TIIM,Firecrawl,https://thuvienphapluat.vn/ma-so-thue/chi-nhanh-2-cong-ty-tnhh-tap-doan-tiim-mst-0312032800-002.html,english,"""CHI NHÁNH 2 CÔNG TY TNHH TẬP ĐOÀN TIIM"" AND (""mã số thuế"" OR ""công ty TNHH"" OR ""công ty cổ phần"" OR ""giấy phép kinh doanh"")",0312032800-002 - CHI NHÁNH 2 CÔNG TY TNHH TẬP ĐOÀN TIIM,
CHI NHÁNH 2 CÔNG TY TNHH TẬP ĐOÀN TIIM,Firecrawl,https://masothue.bov.vn/0312032800-002-chi-nhanh-2-cong-ty-tnhh-tap-doan-tiim,english,"""CHI NHÁNH 2 CÔNG TY TNHH TẬP ĐOÀN TIIM"" AND (""mã số thuế"" OR ""công ty TNHH"" OR ""công ty cổ phần"" OR ""giấy phép kinh doanh"")",0312032800-002 - CHI NHÁNH 2 CÔNG TY TNHH TẬP ĐOÀN TIIM ...,
CHI NHÁNH 2 CÔNG TY TNHH TẬP ĐOÀN TIIM,Firecrawl,https://fiingate.vn/Home/SetCulture?returnUrl=https%3A%2F%2Ffiingate.vn%2FBusinessDirectory%2FCompanyDetail%2F621743%3Flang%3Dvi-VN,english,"""CHI NHÁNH 2 CÔNG TY TNHH TẬP ĐOÀN TIIM"" AND (""mã số thuế"" OR ""công ty TNHH"" OR ""công ty cổ phần"" OR ""giấy phép kinh doanh"")",CHI NHÁNH 2 CÔNG TY TNHH TẬP ĐOÀN TIIM - FiinGate Website,
CHI NHÁNH 2 CÔNG TY TNHH TẬP ĐOÀN TIIM,Firecrawl,https://masothue.com/0312032800-001-chi-nhanh-cong-ty-tnhh-tap-doan-tiim,english,"""CHI NHÁNH 2 CÔNG TY TNHH TẬP ĐOÀN TIIM"" AND (""mã số thuế"" OR ""công ty TNHH"" OR ""công ty cổ phần"" OR ""giấy phép kinh doanh"")",0312032800-001 - CHI NHÁNH CÔNG TY TNHH TẬP ĐOÀN TIIM ...,
CHI NHÁNH 2 CÔNG TY TNHH TẬP ĐOÀN TIIM,Firecrawl,https://hoptackinhdoanh.com/danh-ba-doanh-nghiep/chi-nhanh-2-cong-ty-tnhh-tap-doan-tiim-6XR9M3W28S,english,"""CHI NHÁNH 2 CÔNG TY TNHH TẬP ĐOÀN TIIM"" AND (""mã số thuế"" OR ""công ty TNHH"" OR ""công ty cổ phần"" OR ""giấy phép kinh doanh"")",0312032800-002 - CHI NHÁNH 2 CÔNG TY TNHH TẬP ĐOÀN TIIM,
CHI NHÁNH 2 CÔNG TY TNHH TẬP ĐOÀN TIIM,Firecrawl,https://f1.hcm.edu.vn/data/doc/2025/ngoaiconglap/2025_2/24/824phu-luc-danh-sach-cac-co-so-giao-duc-ngoai-cong-lap-chua-thuc-hien-nhap-lieu_242202517.pdf,english,"""CHI NHÁNH 2 CÔNG TY TNHH TẬP ĐOÀN TIIM"" AND (""mã số thuế"" OR ""công ty TNHH"" OR ""công ty cổ phần"" OR ""giấy phép kinh doanh"")",[PDF] SỞ GIÁO DỤC VÀ ĐÀO TẠO Độc lập – Tự do – Hạnh phúc,
CHI NHÁNH 2 CÔNG TY TNHH TẬP ĐOÀN TIIM,Firecrawl,https://fiingate.vn/BusinessDirectory/ShowAll/1542?page=31&lang=vi-VN,english,"""CHI NHÁNH 2 CÔNG TY TNHH TẬP ĐOÀN TIIM"" AND (""mã số thuế"" OR ""công ty TNHH"" OR ""công ty cổ phần"" OR ""giấy phép kinh doanh"")",ShowAll - Business Directory - FiinGate,
CITYHOUSE MANAGEMENT COMPANY LIMITED,Firecrawl,https://www.tratencongty.com/company/4bfe454f-cong-ty-tnhh-cityhouse-management/,english,"""CITYHOUSE MANAGEMENT COMPANY LIMITED"" AND (""mã số thuế"" OR ""công ty TNHH"" OR ""công ty cổ phần"" OR ""giấy phép kinh doanh"")",0316355087 - Công Ty TNHH Cityhouse Management,
CITYHOUSE MANAGEMENT COMPANY LIMITED,Firecrawl,https://dauthau.net/vi/dn/CONG-TY-TNHH-CITYHOUSE-MANAGEMENT/,english,"""CITYHOUSE MANAGEMENT COMPANY LIMITED"" AND (""mã số thuế"" OR ""công ty TNHH"" OR ""công ty cổ phần"" OR ""giấy phép kinh doanh"")",CÔNG TY TNHH CITYHOUSE MANAGEMENT - Danh bạ doanh ...,
CITYHOUSE MANAGEMENT COMPANY LIMITED,Firecrawl,https://hsctvn.com/cong-ty-tnhh-cityhouse-management-com-2049621.htm,english,"""CITYHOUSE MANAGEMENT COMPANY LIMITED"" AND (""mã số thuế"" OR ""công ty TNHH"" OR ""công ty cổ phần"" OR ""giấy phép kinh doanh"")",0316355087 - CÔNG TY TNHH CITYHOUSE MANAGEMENT ...,
NICE CONSTRUCTION REAL ESTATE COMPANY LIMITED,Firecrawl,https://thuvienphapluat.vn/ma-so-thue/cong-ty-tnhh-xay-dung-bat-dong-san-xinh-mst-0303781426.html?hl=en,english,"""NICE CONSTRUCTION REAL ESTATE COMPANY LIMITED"" AND (""mã số thuế"" OR ""công ty TNHH"" OR ""công ty cổ phần"" OR ""giấy phép kinh doanh"")",0303781426 - CÔNG TY TNHH XÂY DỰNG - BẤT ĐỘNG SẢN XINH,
NICE CONSTRUCTION REAL ESTATE COMPANY LIMITED,Firecrawl,https://masothue.com/0303781426-cong-ty-tnhh-xay-dung-bat-dong-san-xinh,english,"""NICE CONSTRUCTION REAL ESTATE COMPANY LIMITED"" AND (""mã số thuế"" OR ""công ty TNHH"" OR ""công ty cổ phần"" OR ""giấy phép kinh doanh"")",0303781426 - CÔNG TY TNHH XÂY DỰNG - BẤT ĐỘNG SẢN XINH,
NICE CONSTRUCTION REAL ESTATE COMPANY LIMITED,Firecrawl,https://yp.vn/listing/cong-ty-tnhh-xay-dung-bat-dong-san-xinh-0303781426/,english,"""NICE CONSTRUCTION REAL ESTATE COMPANY LIMITED"" AND (""mã số thuế"" OR ""công ty TNHH"" OR ""công ty cổ phần"" OR ""giấy phép kinh doanh"")",CÔNG TY TNHH XÂY DỰNG - BẤT ĐỘNG SẢN XINH,
NICE CONSTRUCTION REAL ESTATE COMPANY LIMITED,Firecrawl,https://dauthau.net/vi/dn/CONG-TY-TNHH-XAY-DUNG-BAT-DONG-SAN-XINH/,english,"""NICE CONSTRUCTION REAL ESTATE COMPANY LIMITED"" AND (""mã số thuế"" OR ""công ty TNHH"" OR ""công ty cổ phần"" OR ""giấy phép kinh doanh"")",CÔNG TY TNHH XÂY DỰNG - BẤT ĐỘNG SẢN XINH - DauThau.Net,
NICE CONSTRUCTION REAL ESTATE COMPANY LIMITED,Firecrawl,https://yp.vn/page/3407/?s=PH%C3%B2NG+KH%C3%A1M+%C4%90%C3%94NG+Y,english,"""NICE CONSTRUCTION REAL ESTATE COMPANY LIMITED"" AND (""mã số thuế"" OR ""công ty TNHH"" OR ""công ty cổ phần"" OR ""giấy phép kinh doanh"")",PHòNG KHáM ĐÔNG Y - Trang 3407 trên 9642 - Những Trang ...,
NICE CONSTRUCTION REAL ESTATE COMPANY LIMITED,Firecrawl,https://yp.vn/search/B%C3%ACnh+c%E1%BB%A9u+ho%E1%BA%A3+%28b%C3%ACnh+ch%E1%BB%AFa+ch%C3%A1y%29/page/70861/,english,"""NICE CONSTRUCTION REAL ESTATE COMPANY LIMITED"" AND (""mã số thuế"" OR ""công ty TNHH"" OR ""công ty cổ phần"" OR ""giấy phép kinh doanh"")",Bình cứu hoả (bình chữa cháy) - Trang 70861 trên 76310 - Những ...,
CTY TNHH MTV DV CƠ QUAN NƯỚC NGOÀI,Firecrawl,https://masothue.com/0300540207-cong-ty-tnhh-mot-thanh-vien-dich-vu-co-quan-nuoc-ngoai,english,"""CTY TNHH MTV DV CƠ QUAN NƯỚC NGOÀI"" AND (""mã số thuế"" OR ""công ty TNHH"" OR ""công ty cổ phần"" OR ""giấy phép kinh doanh"")",0300540207 - CÔNG TY TNHH MỘT THÀNH VIÊN DỊCH VỤ CƠ ...,
CTY TNHH MTV DV CƠ QUAN NƯỚC NGOÀI,Firecrawl,https://thuvienphapluat.vn/ma-so-thue/cong-ty-tnhh-mot-thanh-vien-dich-vu-co-quan-nuoc-ngoai-mst-0300540207.html?hl=en,english,"""CTY TNHH MTV DV CƠ QUAN NƯỚC NGOÀI"" AND (""mã số thuế"" OR ""công ty TNHH"" OR ""công ty cổ phần"" OR ""giấy phép kinh doanh"")",0300540207 - CÔNG TY TNHH MỘT THÀNH VIÊN DỊCH VỤ CƠ ...,
CTY TNHH MTV DV CƠ QUAN NƯỚC NGOÀI,Firecrawl,https://vietnamreport.net.vn/Thong-tin-doanh-nghiep/CONG-TY-TNHH-MTV-DICH-VU-CO-QUAN-NUOC-NGOAI-Chart--1327-2015.html,english,"""CTY TNHH MTV DV CƠ QUAN NƯỚC NGOÀI"" AND (""mã số thuế"" OR ""công ty TNHH"" OR ""công ty cổ phần"" OR ""giấy phép kinh doanh"")",CÔNG TY TNHH MTV DỊCH VỤ CƠ QUAN NƯỚC NGOÀI,
CTY TNHH MTV DV CƠ QUAN NƯỚC NGOÀI,Firecrawl,https://fosco.vn/wp-content/uploads/2025/03/BaoCaoTaiChinh6ThangDauNam2016_Phan-V.pdf,english,"""CTY TNHH MTV DV CƠ QUAN NƯỚC NGOÀI"" AND (""mã số thuế"" OR ""công ty TNHH"" OR ""công ty cổ phần"" OR ""giấy phép kinh doanh"")",[PDF] công ty tnhh một thành viên dịch vụ cơ quan nước ngoài (fosco),
CTY TNHH MTV DV CƠ QUAN NƯỚC NGOÀI,Firecrawl,https://www.yellowpages.vn/lgs/698268/cong-ty-tnhh-mtv-dich-vu-co-quan-nuoc-ngoai--fosco-.html,english,"""CTY TNHH MTV DV CƠ QUAN NƯỚC NGOÀI"" AND (""mã số thuế"" OR ""công ty TNHH"" OR ""công ty cổ phần"" OR ""giấy phép kinh doanh"")",Công Ty TNHH MTV Dịch Vụ Cơ Quan Nước Ngoài (Fosco),
CTY TNHH MTV DV CƠ QUAN NƯỚC NGOÀI,Firecrawl,https://gdt.gov.vn/wps/portal/!ut/p/z1/tZNJT8MwEIV_DUdrJomz9BgqlKQLFS1pGl8qZzdkK1gt_HtSKMckoKo-2LL05n1P4zEw2AGr-VHkXIqm5mV3D5mxRzrxFtZ2s5qtqYq26iznc_Q16qoQfAumju1Sc4FoUQfRo_erR3f6pKCnAftLPfYsG8fqt8CAxbVsZQGhbIu4usN3IdNu5ySpc5nLs6KNRQIh56ae0iwiSmYkhOppTKwsUQhSXYl4jBpXot9E_Ug2HDg48wYcfHoRDDVtDBJ2Ic3-kBoER5GewK-bt6p7xs0_e-COESb0SsKIvXFbe_229uaV9jNgedlEP_9PvBwOzO6GvKll-iFh1zPlbeX7laV9kte1dXrOirzaLx80_XKU-RecliXm/dz/d5/L2dBISEvZ0FBIS9nQSEh/p0/IZ7_049IL8VSOJR420A2GMKK0U34H3=CZ6_049IL8VSOJR420A2GMKK0U34H2=MEns_Z7_049IL8VSOJR420A2GMKK0U34H3_WCM_Page.7668c083-5afa-402e-acdf-2d4683859d9c!5=CTX!QCPtphcmQCPsiteQCPsa-dngtgt=WCM_PI!1==/,english,"""CTY TNHH MTV DV CƠ QUAN NƯỚC NGOÀI"" AND (""mã số thuế"" OR ""công ty TNHH"" OR ""công ty cổ phần"" OR ""giấy phép kinh doanh"")",Chi tiet DS các DN bán hàng hoàn thuế GTGT cho người nước ngoài,
CTY TNHH MTV DV CƠ QUAN NƯỚC NGOÀI,Firecrawl,https://fosco.vn/gioi-thieu-chung/,english,"""CTY TNHH MTV DV CƠ QUAN NƯỚC NGOÀI"" AND (""mã số thuế"" OR ""công ty TNHH"" OR ""công ty cổ phần"" OR ""giấy phép kinh doanh"")",Giới thiệu chung - Fosco,
CTY TNHH MTV DV CƠ QUAN NƯỚC NGOÀI,Firecrawl,https://smartvision.com.vn/doanh-nghiep/ho-so/822630-cong-ty-tnhh-mtv-dich-vu-co-quan-nuoc-ngoai-fosco/,english,"""CTY TNHH MTV DV CƠ QUAN NƯỚC NGOÀI"" AND (""mã số thuế"" OR ""công ty TNHH"" OR ""công ty cổ phần"" OR ""giấy phép kinh doanh"")",Công Ty Tnhh Mtv Dịch Vụ Cơ Quan Nước Ngoài (Fosco),
CTY TNHH MTV DV CƠ QUAN NƯỚC NGOÀI,Firecrawl,https://dichvucong.gov.vn/p/home/dvc-chi-tiet-thu-tuc-hanh-chinh.html?ma_thu_tuc=2.002069,english,"""CTY TNHH MTV DV CƠ QUAN NƯỚC NGOÀI"" AND (""mã số thuế"" OR ""công ty TNHH"" OR ""công ty cổ phần"" OR ""giấy phép kinh doanh"")","Đăng ký hoạt động chi nhánh, văn phòng đại diện (đối với doanh ...",
CTY TNHH MTV DV CƠ QUAN NƯỚC NGOÀI,Firecrawl,https://asp.misa.vn/tt/kien-thuc/huong-dan-chuyen-doi-cong-ty-tnhh-thanh-cong-ty-co-phan/,english,"""CTY TNHH MTV DV CƠ QUAN NƯỚC NGOÀI"" AND (""mã số thuế"" OR ""công ty TNHH"" OR ""công ty cổ phần"" OR ""giấy phép kinh doanh"")",Hướng dẫn chuyển đổi công ty TNHH thành công ty cổ phần,
CÔNG TY TNHH SAMSUNG DISPLAY VIỆT NAM,Serper,https://masothue.com/2300852009-cong-ty-tnhh-samsung-display-viet-nam,tax_code,2300852009,2300852009 - CÔNG TY TNHH SAMSUNG DISPLAY VIỆT NAM,
CÔNG TY TNHH SAMSUNG DISPLAY VIỆT NAM,Serper,https://www.lei-lookup.com/record/9845005CED8881AF8F65/,tax_code,2300852009,CÔNG TY TNHH SAMSUNG DISPLAY VIỆT NAM - LEI Lookup,
CÔNG TY TNHH SAMSUNG DISPLAY VIỆT NAM,Serper,https://thuvienphapluat.vn/ma-so-thue/cong-ty-tnhh-samsung-display-bac-ninh-mst-2300852009.html,tax_code,2300852009,2300852009 - CÔNG TY TNHH SAMSUNG DISPLAY BẮC NINH,
CÔNG TY TNHH SAMSUNG DISPLAY VIỆT NAM,Serper,https://1900.com.vn/ma-so-thue/cong-ty-tnhh-samsung-display-viet-nam-3065,tax_code,2300852009,2300852009 - Công Ty TNHH Samsung Display Việt Nam - 1900,
CÔNG TY TNHH SAMSUNG DISPLAY VIỆT NAM,Serper,https://fiingate.vn/Home/SetCulture?returnUrl=https%3A%2F%2Ffiingate.vn%2FBusinessDirectory%2FCompanyDetail%2F8081%3Flang%3Dvi-VN,tax_code,2300852009,CÔNG TY TNHH SAMSUNG DISPLAY VIỆT NAM - FiinGate Website,
CÔNG TY TNHH SAMSUNG DISPLAY VIỆT NAM,Serper,https://dauthau.net/vi/dn/CONG-TY-TNHH-SAMSUNG-DISPLAY-VIET-NAM/,tax_code,2300852009,CÔNG TY TNHH SAMSUNG DISPLAY VIỆT NAM,
CÔNG TY TNHH SAMSUNG DISPLAY VIỆT NAM,Serper,https://www.studocu.vn/vn/document/truong-dai-hoc-cong-nghiep-ha-noi/quan-tri-hoc/cong-ty-samsung-display/90138762,tax_code,2300852009,Thông tin và Chi tiết về Công ty TNHH Samsung Display - Studocu,
CÔNG TY TNHH SAMSUNG DISPLAY VIỆT NAM,Serper,https://www.tratencongty.com/company/c2474a69-cong-ty-tnhh-samsung-display-viet-nam/,tax_code,2300852009,2300852009 - Công Ty TNHH Samsung Display Việt Nam,
CÔNG TY TNHH SAMSUNG DISPLAY VIỆT NAM,Serper,https://mytour.vn/vi/blog/ma-so-thue/2300852009-cong-ty-tnhh-samsung-display-viet-nam,tax_code,2300852009,CÔNG TY TNHH SAMSUNG DISPLAY VIỆT NAM - Mytour,
CÔNG TY TNHH SAMSUNG DISPLAY VIỆT NAM,Firecrawl,https://thongtincongty.vn/ma-so-thue/2300852009-cong-ty-tnhh-samsung-display-viet-nam-436343870,english,"""CÔNG TY TNHH SAMSUNG DISPLAY VIỆT NAM"" AND (""mã số thuế"" OR ""công ty TNHH"" OR ""công ty cổ phần"" OR ""giấy phép kinh doanh"")",2300852009 - CÔNG TY TNHH SAMSUNG DISPLAY VIỆT NAM,
CÔNG TY TNHH SAMSUNG DISPLAY VIỆT NAM,Firecrawl,https://www.lei-lookup.com/record/9845005CED8881AF8F65/,english,"""CÔNG TY TNHH SAMSUNG DISPLAY VIỆT NAM"" AND (""mã số thuế"" OR ""công ty TNHH"" OR ""công ty cổ phần"" OR ""giấy phép kinh doanh"")",CÔNG TY TNHH SAMSUNG DISPLAY VIỆT NAM - LEI Lookup,
CÔNG TY TNHH SAMSUNG DISPLAY VIỆT NAM,Firecrawl,https://thuvienphapluat.vn/ma-so-thue/cong-ty-tnhh-samsung-display-viet-nam-nop-thay-mst-2300875599.html,english,"""CÔNG TY TNHH SAMSUNG DISPLAY VIỆT NAM"" AND (""mã số thuế"" OR ""công ty TNHH"" OR ""công ty cổ phần"" OR ""giấy phép kinh doanh"")",CÔNG TY TNHH SAMSUNG DISPLAY VIỆT NAM (NỘP THAY),
CÔNG TY TNHH SAMSUNG DISPLAY VIỆT NAM,Firecrawl,https://www.emis.com/php/company-profile/VN/Samsung_Display_Vietnam_Co_Ltd__C%C3%B4ng_Ty_Tnhh_Samsung_Display_Vi%E1%BB%87t_Nam___C%C3%B4ng_Ty_Tnhh_Samsung_Display_Vi%E1%BB%87t_Nam__Samsung_Display_Vietnam_Co_Ltd___en_7353371.html,english,"""CÔNG TY TNHH SAMSUNG DISPLAY VIỆT NAM"" AND (""mã số thuế"" OR ""công ty TNHH"" OR ""công ty cổ phần"" OR ""giấy phép kinh doanh"")","Samsung Display Vietnam Co., Ltd. (Công Ty Tnhh Samsung ... - EMIS",
CÔNG TY TNHH SAMSUNG DISPLAY VIỆT NAM,Firecrawl,"https://www.northdata.com/C%C3%B4ng%20TY%20Tnhh%20Samsung%20Display%20Vi%E1%BB%87t%20NAM%20C%C3%B4ng%20ty%20tr%C3%A1ch%20nhi%E1%BB%87m%20h%E1%BB%AFu%20h%E1%BA%A1n,%20T%E1%BB%89nh%20B%E1%BA%AFc%20Ninh,%20VN/_c5579898177978368",english,"""CÔNG TY TNHH SAMSUNG DISPLAY VIỆT NAM"" AND (""mã số thuế"" OR ""công ty TNHH"" OR ""công ty cổ phần"" OR ""giấy phép kinh doanh"")",Công TY Tnhh Samsung Display Việt NAM Công ty trách nhiệm hữu ...,
CÔNG TY TNHH SAMSUNG DISPLAY VIỆT NAM,Firecrawl,https://www.topcv.vn/cong-ty/cong-ty-tnhh-samsung-display-viet-nam/49952.html,english,"""CÔNG TY TNHH SAMSUNG DISPLAY VIỆT NAM"" AND (""mã số thuế"" OR ""công ty TNHH"" OR ""công ty cổ phần"" OR ""giấy phép kinh doanh"")",CÔNG TY TNHH SAMSUNG DISPLAY VIỆT NAM - TopCV,
CÔNG TY TNHH SAMSUNG DISPLAY VIỆT NAM,Firecrawl,https://en.abrams.wiki/Cong-TY-Tnhh-Samsung-Display-Vi%E1%BB%87t-Nam/3-oAjxU_UQpKtm20KaA0AXqQ,english,"""CÔNG TY TNHH SAMSUNG DISPLAY VIỆT NAM"" AND (""mã số thuế"" OR ""công ty TNHH"" OR ""công ty cổ phần"" OR ""giấy phép kinh doanh"")",Công TY Tnhh Samsung Display Việt Nam,
CÔNG TY TNHH SAMSUNG DISPLAY VIỆT NAM,Firecrawl,https://fiingate.vn/Home/SetCulture?returnUrl=https%3A%2F%2Ffiingate.vn%2FBusinessDirectory%2FCompanyDetail%2F8081%3Flang%3Dvi-VN,english,"""CÔNG TY TNHH SAMSUNG DISPLAY VIỆT NAM"" AND (""mã số thuế"" OR ""công ty TNHH"" OR ""công ty cổ phần"" OR ""giấy phép kinh doanh"")",CÔNG TY TNHH SAMSUNG DISPLAY VIỆT NAM - FiinGate Website,
CÔNG TY TNHH SAMSUNG DISPLAY VIỆT NAM,Firecrawl,https://dauthau.net/vi/dn/CONG-TY-TNHH-SAMSUNG-DISPLAY-VIET-NAM/,english,"""CÔNG TY TNHH SAMSUNG DISPLAY VIỆT NAM"" AND (""mã số thuế"" OR ""công ty TNHH"" OR ""công ty cổ phần"" OR ""giấy phép kinh doanh"")",CÔNG TY TNHH SAMSUNG DISPLAY VIỆT NAM,
CÔNG TY TNHH SAMSUNG DISPLAY VIỆT NAM,Firecrawl,https://nhansu.vn/nha-tuyen-dung/cong-ty-tnhh-samsung-display-viet-nam.html,english,"""CÔNG TY TNHH SAMSUNG DISPLAY VIỆT NAM"" AND (""mã số thuế"" OR ""công ty TNHH"" OR ""công ty cổ phần"" OR ""giấy phép kinh doanh"")",Công ty TNHH Samsung Display Việt Nam - Nhân Sự,
CÔNG TY TNHH ĐẦU TƯ PHÁT TRIỂN DP VIỆT NAM,Firecrawl,https://masothue.com/0312259470-cong-ty-tnhh-dau-tu-pha-t-trie-n-dp-viet-nam,english,"""CÔNG TY TNHH ĐẦU TƯ PHÁT TRIỂN DP VIỆT NAM"" AND (""mã số thuế"" OR ""công ty TNHH"" OR ""công ty cổ phần"" OR ""giấy phép kinh doanh"")",0312259470 - CÔNG TY TNHH ĐẦU TƯ PHÁT TRIỂN DP VIỆT NAM,
CÔNG TY TNHH ĐẦU TƯ PHÁT TRIỂN DP VIỆT NAM,Firecrawl,https://thuvienphapluat.vn/ma-so-thue/cong-ty-tnhh-dau-tu-phat-trien-dp-viet-nam-mst-0312259470.html,english,"""CÔNG TY TNHH ĐẦU TƯ PHÁT TRIỂN DP VIỆT NAM"" AND (""mã số thuế"" OR ""công ty TNHH"" OR ""công ty cổ phần"" OR ""giấy phép kinh doanh"")",0312259470 - CÔNG TY TNHH ĐẦU TƯ PHÁT TRIỂN DP VIỆT NAM,
CÔNG TY TNHH ĐẦU TƯ PHÁT TRIỂN DP VIỆT NAM,Firecrawl,https://dpvn-office.vn/lien-he.html,english,"""CÔNG TY TNHH ĐẦU TƯ PHÁT TRIỂN DP VIỆT NAM"" AND (""mã số thuế"" OR ""công ty TNHH"" OR ""công ty cổ phần"" OR ""giấy phép kinh doanh"")",công ty tnhh đầu tư phát triển dp việt nam,
CÔNG TY TNHH ĐẦU TƯ PHÁT TRIỂN DP VIỆT NAM,Firecrawl,https://thuenhachinhchu.vn/bat-dong-san/bds-cho-thue/cho-thue-can-ho,english,"""CÔNG TY TNHH ĐẦU TƯ PHÁT TRIỂN DP VIỆT NAM"" AND (""mã số thuế"" OR ""công ty TNHH"" OR ""công ty cổ phần"" OR ""giấy phép kinh doanh"")",DỊCH VỤ BẤT ĐỘNG SẢN DPLAND,
CÔNG TY TNHH ĐẦU TƯ PHÁT TRIỂN DP VIỆT NAM,Firecrawl,http://www.muabannhachinhchu.net/bat-dong-san/bds-ban/can-ho,english,"""CÔNG TY TNHH ĐẦU TƯ PHÁT TRIỂN DP VIỆT NAM"" AND (""mã số thuế"" OR ""công ty TNHH"" OR ""công ty cổ phần"" OR ""giấy phép kinh doanh"")",công ty tnhh đầu tư phát triển dp việt nam - DỊCH VỤ BẤT ĐỘNG ...,
CÔNG TY TNHH ĐẦU TƯ PHÁT TRIỂN DP VIỆT NAM,Firecrawl,https://www.dpvn-office.vn/gioi-thieu/gioi-thieu-cong-ty-61.html,english,"""CÔNG TY TNHH ĐẦU TƯ PHÁT TRIỂN DP VIỆT NAM"" AND (""mã số thuế"" OR ""công ty TNHH"" OR ""công ty cổ phần"" OR ""giấy phép kinh doanh"")",Giới thiệuCOMPANY INTRODUCTION - dpvn-office.vn,
CÔNG TY TNHH ĐẦU TƯ PHÁT TRIỂN DP VIỆT NAM,Firecrawl,http://www.thuenhachinhchu.vn/blog-cong-dong-moi-gioi/tin-nong-bds,english,"""CÔNG TY TNHH ĐẦU TƯ PHÁT TRIỂN DP VIỆT NAM"" AND (""mã số thuế"" OR ""công ty TNHH"" OR ""công ty cổ phần"" OR ""giấy phép kinh doanh"")",công ty tnhh đầu tư phát triển dp việt nam,
CÔNG TY TNHH ĐẦU TƯ PHÁT TRIỂN DP VIỆT NAM,Firecrawl,https://dpvn-office.vn/khuyen-mai/kien-thuc-phap-luat-38/,english,"""CÔNG TY TNHH ĐẦU TƯ PHÁT TRIỂN DP VIỆT NAM"" AND (""mã số thuế"" OR ""công ty TNHH"" OR ""công ty cổ phần"" OR ""giấy phép kinh doanh"")",công ty tnhh đầu tư phát triển dp việt nam - dpvn-office.vn,
CÔNG TY TNHH ĐẦU TƯ PHÁT TRIỂN DP VIỆT NAM,Firecrawl,https://ipvietnam.gov.vn/documents/20195/1693551/3-Danh+sach+to+chuc+dai+dien+SHCN+%2825-11-2024%29.xls/8e611bb3-fcf0-4abd-be1e-aef128e19c07,english,"""CÔNG TY TNHH ĐẦU TƯ PHÁT TRIỂN DP VIỆT NAM"" AND (""mã số thuế"" OR ""công ty TNHH"" OR ""công ty cổ phần"" OR ""giấy phép kinh doanh"")",[XLS] Danh sach to chuc dai dien full - CỤC SỞ HỮU TRÍ TUỆ,
CÔNG TY TNHH ĐẦU TƯ PHÁT TRIỂN DP VIỆT NAM,Firecrawl,https://muabannhachinhchu.net/bat-dong-san/bds-cho-thue/nha-nguyen-can-mat-tien,english,"""CÔNG TY TNHH ĐẦU TƯ PHÁT TRIỂN DP VIỆT NAM"" AND (""mã số thuế"" OR ""công ty TNHH"" OR ""công ty cổ phần"" OR ""giấy phép kinh doanh"")",DỊCH VỤ BẤT ĐỘNG SẢN DPLAND,
NTP TRADING SERVICE COMPANY LIMITED,Firecrawl,https://masothue.com/0313078004-cong-ty-tnhh-thuong-mai-dich-vu-ntp,english,"""NTP TRADING SERVICE COMPANY LIMITED"" AND (""mã số thuế"" OR ""công ty TNHH"" OR ""công ty cổ phần"" OR ""giấy phép kinh doanh"")",0313078004 - CÔNG TY TNHH THƯƠNG MẠI DỊCH VỤ NTP,
NTP TRADING SERVICE COMPANY LIMITED,Firecrawl,https://jobsgo.vn/tuyen-dung/cong-ty-tnhh-thuong-mai-dich-vu-ntp-2040475593.html,english,"""NTP TRADING SERVICE COMPANY LIMITED"" AND (""mã số thuế"" OR ""công ty TNHH"" OR ""công ty cổ phần"" OR ""giấy phép kinh doanh"")",Công Ty TNHH Thương Mại Dịch Vụ Ntp - JobsGO,
NTP TRADING SERVICE COMPANY LIMITED,Firecrawl,https://yp.vn/listing/page/85608,english,"""NTP TRADING SERVICE COMPANY LIMITED"" AND (""mã số thuế"" OR ""công ty TNHH"" OR ""công ty cổ phần"" OR ""giấy phép kinh doanh"")",Doanh nghiệp - Trang 85608 trên 185561 - Những Trang Vàng Việt ...,
NTP TRADING SERVICE COMPANY LIMITED,Firecrawl,https://mstcongty.com/0313078004-cong-ty-tnhh-thuong-mai-dich-vu-ntp,english,"""NTP TRADING SERVICE COMPANY LIMITED"" AND (""mã số thuế"" OR ""công ty TNHH"" OR ""công ty cổ phần"" OR ""giấy phép kinh doanh"")",CÔNG TY TNHH THƯƠNG MẠI DỊCH VỤ NTP — Mã số thuế ...,
TẬP ĐOÀN ĐIỆN LỰC VIỆT NAM,Serper,https://masothue.com/0100100079-tap-doan-dien-luc-viet-nam,tax_code,0100100079,0100100079 - TẬP ĐOÀN ĐIỆN LỰC VIỆT NAM - MaSoThue,
TẬP ĐOÀN ĐIỆN LỰC VIỆT NAM,Serper,https://thuvienphapluat.vn/ma-so-thue/tap-doan-dien-luc-viet-nam-mst-0100100079.html,tax_code,0100100079,TẬP ĐOÀN ĐIỆN LỰC VIỆT NAM - Mã số thuế 0100100079,
TẬP ĐOÀN ĐIỆN LỰC VIỆT NAM,Serper,https://masothue.com/0100100079-090-ban-quan-ly-du-an-dien-1-chi-nhanh-tap-doan-dien-luc-viet-nam,tax_code,0100100079,0100100079-090 - BAN QUẢN LÝ DỰ ÁN ĐIỆN 1 - CHI ... - MaSoThue,
TẬP ĐOÀN ĐIỆN LỰC VIỆT NAM,Serper,https://finance.vietstock.vn/EVN-tap-doan-dien-luc-viet-nam.htm,tax_code,0100100079,Tập đoàn Điện lực Việt Nam - EVN | VietstockFinance,
TẬP ĐOÀN ĐIỆN LỰC VIỆT NAM,Serper,https://thuvienphapluat.vn/ma-so-thue/trung-tam-thong-tin-dien-luc-mst-0100100079-046.html,tax_code,0100100079,TRUNG TÂM THÔNG TIN ĐIỆN LỰC - Mã số thuế 0100100079-046,
TẬP ĐOÀN ĐIỆN LỰC VIỆT NAM,Serper,https://masothue.com/0100100079-010-cong-ty-vien-thong-dien-luc-va-cong-nghe-thong-tin-chi-nhanh-tap-doan-dien-luc-viet-nam,tax_code,0100100079,0100100079-010 - CHI NHÁNH TẬP ĐOÀN ĐIỆN LỰC VIỆT NAM,
TẬP ĐOÀN ĐIỆN LỰC VIỆT NAM,Serper,https://www.evn.com.vn/,tax_code,0100100079,Trang thông tin điện tử tổng hợp - Tập đoàn Điện lực Việt Nam,
TẬP ĐOÀN ĐIỆN LỰC VIỆT NAM,Serper,https://thuvienphapluat.vn/ma-so-thue/cong-ty-thuy-dien-ia-ly-chi-nhanh-thuoc-tap-doan-dien-luc-viet-nam-mst-0100100079-048.html?hl=en,tax_code,0100100079,0100100079-048 - CÔNG TY THUỶ ĐIỆN IA LY (CHI NHÁNH ...,
TẬP ĐOÀN ĐIỆN LỰC VIỆT NAM,Serper,https://masothue.com/0100100079-048-cong-ty-thuy-dien-ialy-chi-nhanh-tap-doan-dien-luc-viet-nam,tax_code,0100100079,0100100079-048 - CHI NHÁNH TẬP ĐOÀN ĐIỆN LỰC VIỆT NAM,
TẬP ĐOÀN ĐIỆN LỰC VIỆT NAM,Serper,https://mytour.vn/vi/blog/ma-so-thue/0100100079-001-cong-ty-thuy-dien-hoa-binh,tax_code,0100100079,Mã Số Thuế 0100100079-001 - CÔNG TY THUỶ ĐIỆN HOÀ BÌNH,
TẬP ĐOÀN ĐIỆN LỰC VIỆT NAM,Firecrawl,https://thuvienphapluat.vn/ma-so-thue/tap-doan-dien-luc-viet-nam-mst-0100100079.html,english,"""TẬP ĐOÀN ĐIỆN LỰC VIỆT NAM"" AND (""mã số thuế"" OR ""công ty TNHH"" OR ""công ty cổ phần"" OR ""giấy phép kinh doanh"")",TẬP ĐOÀN ĐIỆN LỰC VIỆT NAM - Mã số thuế 0100100079,
TẬP ĐOÀN ĐIỆN LỰC VIỆT NAM,Firecrawl,https://www.vnr500.com.vn/Thong-tin-doanh-nghiep/TAP-DOAN-DIEN-LUC-VIET-NAM-Chart--892-2018.html,english,"""TẬP ĐOÀN ĐIỆN LỰC VIỆT NAM"" AND (""mã số thuế"" OR ""công ty TNHH"" OR ""công ty cổ phần"" OR ""giấy phép kinh doanh"")",TẬP ĐOÀN ĐIỆN LỰC VIỆT NAM - VNR500,
TẬP ĐOÀN ĐIỆN LỰC VIỆT NAM,Firecrawl,https://tintucketoan.com/ma-so-thue-tap-doan-dien-luc-viet-nam/,english,"""TẬP ĐOÀN ĐIỆN LỰC VIỆT NAM"" AND (""mã số thuế"" OR ""công ty TNHH"" OR ""công ty cổ phần"" OR ""giấy phép kinh doanh"")",Mã số thuế Tập Đoàn Điện Lực Việt Nam - KẾ TOÁN HÀ NỘI GROUP,
TẬP ĐOÀN ĐIỆN LỰC VIỆT NAM,Firecrawl,https://masothue.com/0105967570-tap-doan-dien-luc-viet-nam,english,"""TẬP ĐOÀN ĐIỆN LỰC VIỆT NAM"" AND (""mã số thuế"" OR ""công ty TNHH"" OR ""công ty cổ phần"" OR ""giấy phép kinh doanh"")",0105967570 - Tập đoàn điện lực Việt Nam - MaSoThue,
TẬP ĐOÀN ĐIỆN LỰC VIỆT NAM,Firecrawl,https://www.evn.com.vn/UserFile/User/XuanTien/congbothongtinABS.pdf,english,"""TẬP ĐOÀN ĐIỆN LỰC VIỆT NAM"" AND (""mã số thuế"" OR ""công ty TNHH"" OR ""công ty cổ phần"" OR ""giấy phép kinh doanh"")",[PDF] Bản công bố thông tin - EVN,
TẬP ĐOÀN ĐIỆN LỰC VIỆT NAM,Firecrawl,https://masothue.com/0110084958-ban-quan-ly-du-an-dien-2-chi-nhanh-tap-doan-dien-luc-viet-nam,english,"""TẬP ĐOÀN ĐIỆN LỰC VIỆT NAM"" AND (""mã số thuế"" OR ""công ty TNHH"" OR ""công ty cổ phần"" OR ""giấy phép kinh doanh"")",0110084958 - CHI NHÁNH TẬP ĐOÀN ĐIỆN LỰC VIỆT NAM,
TẬP ĐOÀN ĐIỆN LỰC VIỆT NAM,Firecrawl,https://thuvienphapluat.vn/ma-so-thue/tap-doan-dien-luc-viet-nam-mst-0105967570.html,english,"""TẬP ĐOÀN ĐIỆN LỰC VIỆT NAM"" AND (""mã số thuế"" OR ""công ty TNHH"" OR ""công ty cổ phần"" OR ""giấy phép kinh doanh"")",TẬP ĐOÀN ĐIỆN LỰC VIỆT NAM - Mã số thuế 0105967570,
TẬP ĐOÀN ĐIỆN LỰC VIỆT NAM,Firecrawl,https://s5t.com.vn/tap-doan-dien-luc-viet-nam/,english,"""TẬP ĐOÀN ĐIỆN LỰC VIỆT NAM"" AND (""mã số thuế"" OR ""công ty TNHH"" OR ""công ty cổ phần"" OR ""giấy phép kinh doanh"")",Tập đoàn Điện Lực Việt Nam | Công Ty Cổ Phần Công Nghệ Và ...,
TẬP ĐOÀN ĐIỆN LỰC VIỆT NAM,Firecrawl,https://vi.wikipedia.org/wiki/T%E1%BA%ADp_%C4%91o%C3%A0n_%C4%90i%E1%BB%87n_l%E1%BB%B1c_Vi%E1%BB%87t_Nam,english,"""TẬP ĐOÀN ĐIỆN LỰC VIỆT NAM"" AND (""mã số thuế"" OR ""công ty TNHH"" OR ""công ty cổ phần"" OR ""giấy phép kinh doanh"")",Tập đoàn Điện lực Việt Nam - Wikipedia,
TẬP ĐOÀN ĐIỆN LỰC VIỆT NAM,Firecrawl,https://htpldn.moj.gov.vn/SMPT_Publishing_UC/TinTuc/PrintTL.aspx?idb=2&ItemID=77&l=/noidung/tintuc/Lists/Vanbanchinhsachmoi,english,"""TẬP ĐOÀN ĐIỆN LỰC VIỆT NAM"" AND (""mã số thuế"" OR ""công ty TNHH"" OR ""công ty cổ phần"" OR ""giấy phép kinh doanh"")",Bộ Tài chính thay đổi cơ quan trực tiếp quản lý thuế 3 Tập đoàn ...,
DAD REAL ESTATE MANAGEMENT JOINT STOCK COMPANY,Firecrawl,https://masothue.com/0318170370-cong-ty-co-phan-quan-ly-bat-dong-san-dad,english,"""DAD REAL ESTATE MANAGEMENT JOINT STOCK COMPANY"" AND (""mã số thuế"" OR ""công ty TNHH"" OR ""công ty cổ phần"" OR ""giấy phép kinh doanh"")",0318170370 - CÔNG TY CỔ PHẦN QUẢN LÝ BẤT ĐỘNG SẢN DAD,
DAD REAL ESTATE MANAGEMENT JOINT STOCK COMPANY,Firecrawl,https://masothue.bov.vn/0318170370-cong-ty-co-phan-quan-ly-bat-dong-san-dad,english,"""DAD REAL ESTATE MANAGEMENT JOINT STOCK COMPANY"" AND (""mã số thuế"" OR ""công ty TNHH"" OR ""công ty cổ phần"" OR ""giấy phép kinh doanh"")",0318170370 - CÔNG TY CỔ PHẦN QUẢN LÝ BẤT ĐỘNG SẢN DAD ...,
DAD REAL ESTATE MANAGEMENT JOINT STOCK COMPANY,Firecrawl,https://jobsgo.vn/tuyen-dung/cong-ty-co-phan-quan-ly-bat-dong-san-dad-3849741553.html,english,"""DAD REAL ESTATE MANAGEMENT JOINT STOCK COMPANY"" AND (""mã số thuế"" OR ""công ty TNHH"" OR ""công ty cổ phần"" OR ""giấy phép kinh doanh"")",Công Ty Cổ Phần Quản Lý Bất Động Sản DAD - JobsGO,
"VAN GIA PHAT REAL ESTATE INVESTMENT CO.,LTD",Firecrawl,https://masothue.com/0317042552-cong-ty-tnhh-dau-tu-bat-dong-san-van-gia-phat,english,"""VAN GIA PHAT REAL ESTATE INVESTMENT CO.,LTD"" AND (""mã số thuế"" OR ""công ty TNHH"" OR ""công ty cổ phần"" OR ""giấy phép kinh doanh"")",CÔNG TY TNHH ĐẦU TƯ BẤT ĐỘNG SẢN VẠN GIA PHÁT,
"VAN GIA PHAT REAL ESTATE INVESTMENT CO.,LTD",Firecrawl,https://thongtincongty.vn/ma-so-thue/0317042552-cong-ty-tnhh-dau-tu-bat-dong-san-van-gia-phat,english,"""VAN GIA PHAT REAL ESTATE INVESTMENT CO.,LTD"" AND (""mã số thuế"" OR ""công ty TNHH"" OR ""công ty cổ phần"" OR ""giấy phép kinh doanh"")",0317042552 - CÔNG TY TNHH ĐẦU TƯ BẤT ĐỘNG SẢN VẠN GIA ...,
"VAN GIA PHAT REAL ESTATE INVESTMENT CO.,LTD",Firecrawl,https://www.emis.com/php/company-profile/VN/Van_Gia_Phat_Real_Estate_Investment_CoLtd__C%C3%B4ng_Ty_Tnhh_%C4%90%E1%BA%A7u_T%C6%B0_B%E1%BA%A5t_%C4%90%E1%BB%99ng_S%E1%BA%A3n_V%E1%BA%A1n_Gia_Ph%C3%A1t__en_22219498.html,english,"""VAN GIA PHAT REAL ESTATE INVESTMENT CO.,LTD"" AND (""mã số thuế"" OR ""công ty TNHH"" OR ""công ty cổ phần"" OR ""giấy phép kinh doanh"")","Van Gia Phat Real Estate Investment Co.,Ltd (Công Ty Tnhh ... - EMIS",
"VAN GIA PHAT REAL ESTATE INVESTMENT CO.,LTD",Firecrawl,https://dauthau.net/vi/dn/CONG-TY-CO-PHAN-DAU-TU-BAT-DONG-SAN-VAN-GIA-PHAT/,english,"""VAN GIA PHAT REAL ESTATE INVESTMENT CO.,LTD"" AND (""mã số thuế"" OR ""công ty TNHH"" OR ""công ty cổ phần"" OR ""giấy phép kinh doanh"")",CÔNG TY TNHH ĐẦU TƯ BẤT ĐỘNG SẢN VẠN GIA PHÁT,
"VAN GIA PHAT REAL ESTATE INVESTMENT CO.,LTD",Firecrawl,https://hsctvn.com/cong-ty-tnhh-dau-tu-bat-dong-san-van-gia-phat-com-2593823.htm,english,"""VAN GIA PHAT REAL ESTATE INVESTMENT CO.,LTD"" AND (""mã số thuế"" OR ""công ty TNHH"" OR ""công ty cổ phần"" OR ""giấy phép kinh doanh"")",CÔNG TY TNHH ĐẦU TƯ BẤT ĐỘNG SẢN VẠN GIA PHÁT,
"VAN GIA PHAT REAL ESTATE INVESTMENT CO.,LTD",Firecrawl,https://www.emis.com/php/company-profile/VN/Wanxiang_Technology_Vietnam_Company_Limited__C%C3%B4ng_Ty_Tnhh_Wanxiang_Technology_Vi%E1%BB%87t_Nam___C%C3%B4ng_Ty_Tnhh_Wanxiang_Technology_Vi%E1%BB%87t_Nam__Wanxiang_Technology_Vietnam_Company_Limited___en_22213093.html,english,"""VAN GIA PHAT REAL ESTATE INVESTMENT CO.,LTD"" AND (""mã số thuế"" OR ""công ty TNHH"" OR ""công ty cổ phần"" OR ""giấy phép kinh doanh"")",Wanxiang Technology Vietnam Company Limited (Công Ty Tnhh ...,
"VAN GIA PHAT REAL ESTATE INVESTMENT CO.,LTD",Firecrawl,https://www.emis.com/php/company-profile/VN/Ascendas_Saigon_Bund_Company_Limited__C%C3%B4ng_Ty_Tnhh_Ascendas_Saigon_Bund__en_22205712.html,english,"""VAN GIA PHAT REAL ESTATE INVESTMENT CO.,LTD"" AND (""mã số thuế"" OR ""công ty TNHH"" OR ""công ty cổ phần"" OR ""giấy phép kinh doanh"")",Ascendas Saigon Bund Company Limited (Công Ty Tnhh ... - EMIS,
3C VIET NAM TECHNOLOGY JOINT STOCK COMPANY,Firecrawl,https://masothue.com/0104637185-cong-ty-co-phan-cong-nghe-3c-viet-nam,english,"""3C VIET NAM TECHNOLOGY JOINT STOCK COMPANY"" AND (""mã số thuế"" OR ""công ty TNHH"" OR ""công ty cổ phần"" OR ""giấy phép kinh doanh"")",0104637185 - CÔNG TY CỔ PHẦN CÔNG NGHỆ 3C VIỆT NAM,
3C VIET NAM TECHNOLOGY JOINT STOCK COMPANY,Firecrawl,https://thuvienphapluat.vn/ma-so-thue/cong-ty-co-phan-cong-nghe-3c-viet-nam-mst-0104637185.html,english,"""3C VIET NAM TECHNOLOGY JOINT STOCK COMPANY"" AND (""mã số thuế"" OR ""công ty TNHH"" OR ""công ty cổ phần"" OR ""giấy phép kinh doanh"")",0104637185 - CÔNG TY CỔ PHẦN CÔNG NGHỆ 3C VIỆT NAM,
3C VIET NAM TECHNOLOGY JOINT STOCK COMPANY,Firecrawl,https://thongtincongty.vn/ma-so-thue/0104637185-cong-ty-co-phan-cong-nghe-3c-viet-nam-562438551,english,"""3C VIET NAM TECHNOLOGY JOINT STOCK COMPANY"" AND (""mã số thuế"" OR ""công ty TNHH"" OR ""công ty cổ phần"" OR ""giấy phép kinh doanh"")",0104637185 - CÔNG TY CỔ PHẦN CÔNG NGHỆ 3C VIỆT NAM,
3C VIET NAM TECHNOLOGY JOINT STOCK COMPANY,Firecrawl,https://fiingate.vn/BusinessDirectory/CompanyDetail/16701,english,"""3C VIET NAM TECHNOLOGY JOINT STOCK COMPANY"" AND (""mã số thuế"" OR ""công ty TNHH"" OR ""công ty cổ phần"" OR ""giấy phép kinh doanh"")",3C VIET NAM TECHNOLOGY JOINT STOCK COMPANY - FiinGate,
3C VIET NAM TECHNOLOGY JOINT STOCK COMPANY,Firecrawl,https://dauthau.asia/businesslistings/detail/CONG-TY-CO-PHAN-CONG-NGHE-3C-VIET-NAM-65321/,english,"""3C VIET NAM TECHNOLOGY JOINT STOCK COMPANY"" AND (""mã số thuế"" OR ""công ty TNHH"" OR ""công ty cổ phần"" OR ""giấy phép kinh doanh"")",0104637185 - CÔNG TY CỔ PHẦN CÔNG NGHỆ 3C VIỆT NAM,
3C VIET NAM TECHNOLOGY JOINT STOCK COMPANY,Firecrawl,https://www.tratencongty.com/company/3f5fb641-cong-ty-co-phan-cong-nghe-3c-viet-nam/,english,"""3C VIET NAM TECHNOLOGY JOINT STOCK COMPANY"" AND (""mã số thuế"" OR ""công ty TNHH"" OR ""công ty cổ phần"" OR ""giấy phép kinh doanh"")",0104637185 - Công Ty Cổ Phần Công Nghệ 3C Việt Nam,
3C VIET NAM TECHNOLOGY JOINT STOCK COMPANY,Firecrawl,https://dauthau.net/vi/dn/CONG-TY-CO-PHAN-CONG-NGHE-3C-VIET-NAM/,english,"""3C VIET NAM TECHNOLOGY JOINT STOCK COMPANY"" AND (""mã số thuế"" OR ""công ty TNHH"" OR ""công ty cổ phần"" OR ""giấy phép kinh doanh"")",CÔNG TY CỔ PHẦN CÔNG NGHỆ 3C VIỆT NAM - Danh bạ doanh ...,
3C VIET NAM TECHNOLOGY JOINT STOCK COMPANY,Firecrawl,https://dauthau.asia/en/businesslistings/resultdetail/3C-VIET-NAM-TECHNOLOGY-JOINT-STOCK-COMPANY-65321/?order=7&prov=209&package=1&ratio=0,english,"""3C VIET NAM TECHNOLOGY JOINT STOCK COMPANY"" AND (""mã số thuế"" OR ""công ty TNHH"" OR ""công ty cổ phần"" OR ""giấy phép kinh doanh"")",List of bidding packages participated by contractor 3C VIET NAM ...,
3C VIET NAM TECHNOLOGY JOINT STOCK COMPANY,Firecrawl,https://yp.vn/nganh-nghe/chua-phan-loai/hoat-dong-kien-truc-va-tu-van-ky-thuat-co-lien-quan-7110/page/13859,english,"""3C VIET NAM TECHNOLOGY JOINT STOCK COMPANY"" AND (""mã số thuế"" OR ""công ty TNHH"" OR ""công ty cổ phần"" OR ""giấy phép kinh doanh"")",Hoạt động kiến trúc và tư vấn kỹ thuật có liên quan - Những Trang ...,
3C VIET NAM TECHNOLOGY JOINT STOCK COMPANY,Firecrawl,https://yp.vn/nganh-nghe/chua-phan-loai/hoat-dong-vien-thong-khac-6190/page/1990,english,"""3C VIET NAM TECHNOLOGY JOINT STOCK COMPANY"" AND (""mã số thuế"" OR ""công ty TNHH"" OR ""công ty cổ phần"" OR ""giấy phép kinh doanh"")",Hoạt động viễn thông khác - Những Trang Vàng Việt Nam - Yellow ...,
NGUYEN MANH CUONG LAW FIRM,Firecrawl,https://interbra.vn/TM790857-dang-ky-nhan-hieu-c-l-n-m-cuong.html,english,"""NGUYEN MANH CUONG LAW FIRM"" AND (""mã số thuế"" OR ""công ty TNHH"" OR ""công ty cổ phần"" OR ""giấy phép kinh doanh"")",Đăng ký nhãn hiệu C L N M CUONG & LAWYERS NGUYEN MANH ...,
NGUYEN MANH CUONG LAW FIRM,Firecrawl,https://ipvietnam.gov.vn/documents/20182/1730768/H%C3%A0+N%E1%BB%99i_+%C4%90%C6%A1n+NH%2C+SC%2C+KD.xlsx/7e8bef30-30c6-4467-9110-a075165ddbb7,english,"""NGUYEN MANH CUONG LAW FIRM"" AND (""mã số thuế"" OR ""công ty TNHH"" OR ""công ty cổ phần"" OR ""giấy phép kinh doanh"")",[XLS] Don NH. - CỤC SỞ HỮU TRÍ TUỆ,
BIFROST INVESTMENT GROUP JOINT STOCK COMPANY,Firecrawl,https://thuvienphapluat.vn/ma-so-thue/cong-ty-co-phan-tap-doan-dau-tu-bifrost-mst-0109883089.html,english,"""BIFROST INVESTMENT GROUP JOINT STOCK COMPANY"" AND (""mã số thuế"" OR ""công ty TNHH"" OR ""công ty cổ phần"" OR ""giấy phép kinh doanh"")",0109883089 - CÔNG TY CỔ PHẦN TẬP ĐOÀN ĐẦU TƯ BIFROST,
BIFROST INVESTMENT GROUP JOINT STOCK COMPANY,Firecrawl,https://masothue.com/0109883089-cong-ty-co-phan-tap-doan-dau-tu-bifrost,english,"""BIFROST INVESTMENT GROUP JOINT STOCK COMPANY"" AND (""mã số thuế"" OR ""công ty TNHH"" OR ""công ty cổ phần"" OR ""giấy phép kinh doanh"")",0109883089 - CÔNG TY CỔ PHẦN TẬP ĐOÀN ĐẦU TƯ BIFROST,
BIFROST INVESTMENT GROUP JOINT STOCK COMPANY,Firecrawl,https://fiingate.vn/BusinessDirectory/CompanyDetail/766447,english,"""BIFROST INVESTMENT GROUP JOINT STOCK COMPANY"" AND (""mã số thuế"" OR ""công ty TNHH"" OR ""công ty cổ phần"" OR ""giấy phép kinh doanh"")",BIFROST INVESTMENT GROUP JOINT STOCK COMPANY,
BIFROST INVESTMENT GROUP JOINT STOCK COMPANY,Firecrawl,https://www.tratencongty.com/company/3fafc211-cong-ty-co-phan-tap-doan-dau-tu-bifrost/,english,"""BIFROST INVESTMENT GROUP JOINT STOCK COMPANY"" AND (""mã số thuế"" OR ""công ty TNHH"" OR ""công ty cổ phần"" OR ""giấy phép kinh doanh"")",0109883089 - Công Ty Cổ Phần Tập Đoàn Đầu Tư Bifrost,
BIFROST INVESTMENT GROUP JOINT STOCK COMPANY,Firecrawl,https://dauthau.net/vi/dn/CONG-TY-CO-PHAN-TAP-DOAN-DAU-TU-BIFROST/,english,"""BIFROST INVESTMENT GROUP JOINT STOCK COMPANY"" AND (""mã số thuế"" OR ""công ty TNHH"" OR ""công ty cổ phần"" OR ""giấy phép kinh doanh"")",CÔNG TY CỔ PHẦN TẬP ĐOÀN ĐẦU TƯ BIFROST - DauThau.Net,
BIFROST INVESTMENT GROUP JOINT STOCK COMPANY,Firecrawl,https://jobsgo.vn/tuyen-dung/cong-ty-co-phan-tap-doan-dau-tu-bifrost-2359120407.html,english,"""BIFROST INVESTMENT GROUP JOINT STOCK COMPANY"" AND (""mã số thuế"" OR ""công ty TNHH"" OR ""công ty cổ phần"" OR ""giấy phép kinh doanh"")",Công Ty Cổ Phần Tập Đoàn Đầu Tư Bifrost - JobsGO,
BIFROST INVESTMENT GROUP JOINT STOCK COMPANY,Firecrawl,https://fiingate.vn/Home/SetCulture?returnUrl=https%3A%2F%2Ffiingate.vn%2FBusinessDirectory%2FCompanyDetail%2F766447%3Flang%3Dvi-VN,english,"""BIFROST INVESTMENT GROUP JOINT STOCK COMPANY"" AND (""mã số thuế"" OR ""công ty TNHH"" OR ""công ty cổ phần"" OR ""giấy phép kinh doanh"")",CÔNG TY CỔ PHẦN TẬP ĐOÀN ĐẦU TƯ BIFROST - FiinGate Website,
BIFROST INVESTMENT GROUP JOINT STOCK COMPANY,Firecrawl,https://sanketoan.vn/public/viec-lam-facebook/01-chuyen-vien-tai-chinh-42807,english,"""BIFROST INVESTMENT GROUP JOINT STOCK COMPANY"" AND (""mã số thuế"" OR ""công ty TNHH"" OR ""công ty cổ phần"" OR ""giấy phép kinh doanh"")",01 Chuyên viên Tài chính - Sanketoan.vn,
BIFROST INVESTMENT GROUP JOINT STOCK COMPANY,Firecrawl,https://chitietcongty.com/thong-tin/cong-ty-co-phan-tap-doan-dau-tu-bifrost-1408134.html,english,"""BIFROST INVESTMENT GROUP JOINT STOCK COMPANY"" AND (""mã số thuế"" OR ""công ty TNHH"" OR ""công ty cổ phần"" OR ""giấy phép kinh doanh"")",Công Ty Cổ Phần Tập Đoàn Đầu Tư Bifrost,
WINPLACE INVESTMENT COMPANY LIMITED,Firecrawl,https://fiingate.vn/BusinessDirectory/CompanyDetail/1035617,english,"""WINPLACE INVESTMENT COMPANY LIMITED"" AND (""mã số thuế"" OR ""công ty TNHH"" OR ""công ty cổ phần"" OR ""giấy phép kinh doanh"")",WINPLACE INVESTMENT COMPANY LIMITED - FiinGate Website,
WINPLACE INVESTMENT COMPANY LIMITED,Firecrawl,https://thongtincongty.vn/ma-so-thue/0315651164-cong-ty-tnhh-dau-tu-winplace,english,"""WINPLACE INVESTMENT COMPANY LIMITED"" AND (""mã số thuế"" OR ""công ty TNHH"" OR ""công ty cổ phần"" OR ""giấy phép kinh doanh"")",0315651164 - CÔNG TY TNHH ĐẦU TƯ WINPLACE,
WINPLACE INVESTMENT COMPANY LIMITED,Firecrawl,https://dauthau.net/vi/dn/CONG-TY-TNHH-DAU-TU-WINPLACE/,english,"""WINPLACE INVESTMENT COMPANY LIMITED"" AND (""mã số thuế"" OR ""công ty TNHH"" OR ""công ty cổ phần"" OR ""giấy phép kinh doanh"")",CÔNG TY TNHH ĐẦU TƯ WINPLACE - Danh bạ doanh nghiệp ...,
WINPLACE INVESTMENT COMPANY LIMITED,Firecrawl,https://fiingate.vn/Home/SetCulture?returnUrl=https%3A%2F%2Ffiingate.vn%2FBusinessDirectory%2FCompanyDetail%2F1035617%3Flang%3Dvi-VN,english,"""WINPLACE INVESTMENT COMPANY LIMITED"" AND (""mã số thuế"" OR ""công ty TNHH"" OR ""công ty cổ phần"" OR ""giấy phép kinh doanh"")",CÔNG TY TNHH ĐẦU TƯ WINPLACE - FiinGate Website,
WINPLACE INVESTMENT COMPANY LIMITED,Firecrawl,https://yueqicha.com/home/enterprise_info?guid=a2b09c04efd44ddca40997b1bb7ac554,english,"""WINPLACE INVESTMENT COMPANY LIMITED"" AND (""mã số thuế"" OR ""công ty TNHH"" OR ""công ty cổ phần"" OR ""giấy phép kinh doanh"")",企业基本信息 - 越企查,
CÔNG TY TNHH SAMSUNG ELECTRONICS VIỆT NAM THÁI NGUYÊN,Firecrawl,https://trangvangvietnam.com/listings/1187887707/cong-ty-tnhh-samsung-electronics-thai-nguyen.html,tier1_coarse,"(""CÔNG TY TNHH SAMSUNG ELECTRONICS VIỆT NAM THÁI NGUYÊN"" OR ""CÔNG"") AND (""liên hệ"" OR ""contact"")",Công Ty TNHH Samsung Electronics Thái Nguyên - Trang vàng,
CÔNG TY TNHH SAMSUNG ELECTRONICS VIỆT NAM THÁI NGUYÊN,Firecrawl,https://www.samsung.com/vn/support/contact/?srsltid=AfmBOopUFVuYuZa2P2LZXxCljxsYjBZMUaaqFWaC5eofQthDM6sVwu6b,tier1_coarse,"(""CÔNG TY TNHH SAMSUNG ELECTRONICS VIỆT NAM THÁI NGUYÊN"" OR ""CÔNG"") AND (""liên hệ"" OR ""contact"")",Trợ giúp và Liên hệ | Samsung Việt Nam,
CÔNG TY TNHH SAMSUNG ELECTRONICS VIỆT NAM THÁI NGUYÊN,Firecrawl,https://contactout.com/company/samsung-electronics-vietnam-co-ltd-7710,tier1_coarse,"(""CÔNG TY TNHH SAMSUNG ELECTRONICS VIỆT NAM THÁI NGUYÊN"" OR ""CÔNG"") AND (""liên hệ"" OR ""contact"")","Samsung Electronics Vietnam Co., Ltd - ContactOut",
CÔNG TY TNHH SAMSUNG ELECTRONICS VIỆT NAM THÁI NGUYÊN,Firecrawl,https://www.fidovn.com/doanh-nghiep/samsung-electronics-vietnam-thai-nguyen-co-ltd-20027084,tier1_coarse,"(""CÔNG TY TNHH SAMSUNG ELECTRONICS VIỆT NAM THÁI NGUYÊN"" OR ""CÔNG"") AND (""liên hệ"" OR ""contact"")","SAMSUNG ELECTRONICS VIETNAM THAI NGUYEN CO., LTD",
CÔNG TY TNHH SAMSUNG ELECTRONICS VIỆT NAM THÁI NGUYÊN,Firecrawl,https://novaspro.vn/enterprise/303-cong-ty-tnhh-samsung-electronics-thai-nguyen,tier1_coarse,"(""CÔNG TY TNHH SAMSUNG ELECTRONICS VIỆT NAM THÁI NGUYÊN"" OR ""CÔNG"") AND (""liên hệ"" OR ""contact"")",Công Ty TNHH Samsung Electronics Thái Nguyên - NovaSpro,
CÔNG TY TNHH SAMSUNG ELECTRONICS VIỆT NAM THÁI NGUYÊN,Firecrawl,https://vnr500.vn/Thong-tin-doanh-nghiep/CONG-TY-TNHH-SAMSUNG-ELECTRONICS-VIET-NAM-THAI-NGUYEN-Chart--43612-2025.html,tier1_coarse,"(""CÔNG TY TNHH SAMSUNG ELECTRONICS VIỆT NAM THÁI NGUYÊN"" OR ""CÔNG"") AND (""liên hệ"" OR ""contact"")",CÔNG TY TNHH SAMSUNG ELECTRONICS VIỆT NAM THÁI ...,
CÔNG TY TNHH SAMSUNG ELECTRONICS VIỆT NAM THÁI NGUYÊN,Firecrawl,https://www.samsung.com/vn/about-us/company-info/?srsltid=AfmBOorcx_c75Z-eN2b5GN_slXzdFa_fjUDvAQ7Y9-owuugqbRXUk7Wr,tier1_coarse,"(""CÔNG TY TNHH SAMSUNG ELECTRONICS VIỆT NAM THÁI NGUYÊN"" OR ""CÔNG"") AND (""liên hệ"" OR ""contact"")",Thông tin Công ty | Về Chúng tôi | Samsung Việt Nam,
CÔNG TY TNHH SAMSUNG ELECTRONICS VIỆT NAM THÁI NGUYÊN,Firecrawl,https://www.clodura.ai/directory/company/samsung-electronics-vietnam-co-ltd,tier1_coarse,"(""CÔNG TY TNHH SAMSUNG ELECTRONICS VIỆT NAM THÁI NGUYÊN"" OR ""CÔNG"") AND (""liên hệ"" OR ""contact"")","Samsung Electronics Vietnam Co., Ltd - Clodura.AI",
CÔNG TY TNHH SAMSUNG ELECTRONICS VIỆT NAM THÁI NGUYÊN,Firecrawl,https://www.emis.com/php/company-profile/VN/Samsung_Electronics_Vietnam_Thai_Nguyen_Company_Limited__C%C3%B4ng_Ty_Tnhh_Samsung_Electronics_Vi%E1%BB%87t_Nam_Th%C3%A1i_Nguy%C3%AAn___C%C3%B4ng_Ty_Tnhh_Samsung_Electronics_Vi%E1%BB%87t_Nam_Th%C3%A1i_Nguy%C3%AAn__Samsung_Electronics_Vietnam_Thai_Nguyen_Company_Limited___en_7357533.html,tier1_coarse,"(""CÔNG TY TNHH SAMSUNG ELECTRONICS VIỆT NAM THÁI NGUYÊN"" OR ""CÔNG"") AND (""liên hệ"" OR ""contact"")",Samsung Electronics Vietnam Thai Nguyen Company Limited ...,
CÔNG TY TNHH SAMSUNG ELECTRONICS VIỆT NAM THÁI NGUYÊN,Firecrawl,https://www.yellowpages.com.vn/listings/1187880255/vietnam-thai-nguyen-samsung-electronics-co.-ltd.html,tier1_coarse,"(""CÔNG TY TNHH SAMSUNG ELECTRONICS VIỆT NAM THÁI NGUYÊN"" OR ""CÔNG"") AND (""liên hệ"" OR ""contact"")","Vietnam Thai Nguyen Samsung Electronics Co., Ltd",
CÔNG TY TNHH SAMSUNG ELECTRONICS VIỆT NAM THÁI NGUYÊN,Firecrawl,https://www.tratencongty.com/company/14b62a9f8-cong-ty-tnhh-samsung-electronics-viet-nam-thai-nguyen/,tier1_coarse,"(""CÔNG TY TNHH SAMSUNG ELECTRONICS VIỆT NAM THÁI NGUYÊN"" OR ""CÔNG"") AND (""liên hệ"" OR ""contact"")",Công Ty TNHH Samsung Electronics Việt Nam Thái Nguyên,
CÔNG TY TNHH SAMSUNG ELECTRONICS VIỆT NAM THÁI NGUYÊN,Firecrawl,https://www.topcv.vn/cong-ty/cong-ty-tnhh-samsung-electronics-viet-nam-thai-nguyen/39095.html,tier1_coarse,"(""CÔNG TY TNHH SAMSUNG ELECTRONICS VIỆT NAM THÁI NGUYÊN"" OR ""CÔNG"") AND (""liên hệ"" OR ""contact"")",CÔNG TY TNHH SAMSUNG ELECTRONICS VIỆT NAM THÁI ...,
CÔNG TY TNHH SAMSUNG ELECTRONICS VIỆT NAM THÁI NGUYÊN,Firecrawl,https://www.samsung.com/vn/support/contact/?srsltid=AfmBOorytjVnlCay_ZHFus2AFcV6FCJ6PxwUsPPcYHkthHu1r_H08Ziu,tier1_coarse,"(""CÔNG TY TNHH SAMSUNG ELECTRONICS VIỆT NAM THÁI NGUYÊN"" OR ""CÔNG"") AND (""liên hệ"" OR ""contact"")",Trợ giúp và Liên hệ | Samsung Việt Nam,
CÔNG TY TNHH SAMSUNG ELECTRONICS VIỆT NAM THÁI NGUYÊN,Firecrawl,https://www.facebook.com/100064762566529/posts/c%C3%B4ng-ty-tnhh-sam-sung-climate-control-vi%E1%BB%87t-nam-chuy%C3%AAn-s%E1%BA%A3n-xu%E1%BA%A5t-linh-ki%E1%BB%87n-ph%E1%BB%A5-t%C3%B9n/2387328194867167/,tier1_coarse,"(""CÔNG TY TNHH SAMSUNG ELECTRONICS VIỆT NAM THÁI NGUYÊN"" OR ""CÔNG"") AND (""liên hệ"" OR ""contact"")",CÔNG TY TNHH SAM SUNG CLIMATE CONTROL VIỆT NAM ...,
CÔNG TY TNHH SAMSUNG ELECTRONICS VIỆT NAM THÁI NGUYÊN,Firecrawl,https://www.env.nm.gov/surface-water-quality/vi/contact-us-3/,tier1_coarse,"(""CÔNG TY TNHH SAMSUNG ELECTRONICS VIỆT NAM THÁI NGUYÊN"" OR ""CÔNG"") AND (""liên hệ"" OR ""contact"")",Liên hệ với chúng tôi,
CÔNG TY TNHH SAMSUNG ELECTRONICS VIỆT NAM THÁI NGUYÊN,Firecrawl,https://sspolvn.com/en/contact/,tier1_coarse,"(""CÔNG TY TNHH SAMSUNG ELECTRONICS VIỆT NAM THÁI NGUYÊN"" OR ""CÔNG"") AND (""liên hệ"" OR ""contact"")",Contact - CÔNG TY TNHH SAMSUNG POLYMER,
CÔNG TY TNHH SAMSUNG ELECTRONICS VIỆT NAM THÁI NGUYÊN,Firecrawl,https://news.samsung.com/global/tag/samsung-electronics-vietnam-thai-nguyen,tier1_coarse,"(""CÔNG TY TNHH SAMSUNG ELECTRONICS VIỆT NAM THÁI NGUYÊN"" OR ""CÔNG"") AND (""liên hệ"" OR ""contact"")",Samsung Electronics Vietnam Thai Nguyen,
CÔNG TY TNHH SAMSUNG ELECTRONICS VIỆT NAM THÁI NGUYÊN,Firecrawl,https://www.nationalfuel.com/vi/pipeline-storage/tioga-pathway-project-overview/contact-information-tioga-pathway-project/?preview_id=252352,tier1_coarse,"(""CÔNG TY TNHH SAMSUNG ELECTRONICS VIỆT NAM THÁI NGUYÊN"" OR ""CÔNG"") AND (""liên hệ"" OR ""contact"")",Thông tin liên hệ | Công ty Khí đốt Quốc gia - National Fuel,
CÔNG TY TNHH SAMSUNG ELECTRONICS VIỆT NAM THÁI NGUYÊN,Firecrawl,https://masothue.com/4601124536-cong-ty-tnhh-samsung-electronics-viet-nam-thai-nguyen,tier1_coarse,"(""CÔNG TY TNHH SAMSUNG ELECTRONICS VIỆT NAM THÁI NGUYÊN"" OR ""CÔNG"") AND (""liên hệ"" OR ""contact"")",4601124536 - CÔNG TY TNHH SAMSUNG ELECTRONICS VIỆT ...,
CÔNG TY TNHH SAMSUNG ELECTRONICS VIỆT NAM THÁI NGUYÊN,Firecrawl,https://gemmob.com/en/contact/,tier1_coarse,"(""CÔNG TY TNHH SAMSUNG ELECTRONICS VIỆT NAM THÁI NGUYÊN"" OR ""CÔNG"") AND (""liên hệ"" OR ""contact"")",Contact - Công ty Gemmob,
CÔNG TY TNHH SAMSUNG ELECTRONICS VIỆT NAM THÁI NGUYÊN,Firecrawl,https://trangvangvietnam.com/listings/1187887707/cong-ty-tnhh-samsung-electronics-thai-nguyen.html,tier1_coarse,"(""CÔNG TY TNHH SAMSUNG ELECTRONICS VIỆT NAM THÁI NGUYÊN"" OR ""CÔNG"") AND (""liên hệ"" OR ""contact"")",Công Ty TNHH Samsung Electronics Thái Nguyên - Trang vàng,
CÔNG TY TNHH SAMSUNG ELECTRONICS VIỆT NAM THÁI NGUYÊN,Firecrawl,https://www.samsung.com/vn/support/contact/?srsltid=AfmBOopUFVuYuZa2P2LZXxCljxsYjBZMUaaqFWaC5eofQthDM6sVwu6b,tier1_coarse,"(""CÔNG TY TNHH SAMSUNG ELECTRONICS VIỆT NAM THÁI NGUYÊN"" OR ""CÔNG"") AND (""liên hệ"" OR ""contact"")",Trợ giúp và Liên hệ | Samsung Việt Nam,
CÔNG TY TNHH SAMSUNG ELECTRONICS VIỆT NAM THÁI NGUYÊN,Firecrawl,https://contactout.com/company/samsung-electronics-vietnam-co-ltd-7710,tier1_coarse,"(""CÔNG TY TNHH SAMSUNG ELECTRONICS VIỆT NAM THÁI NGUYÊN"" OR ""CÔNG"") AND (""liên hệ"" OR ""contact"")","Samsung Electronics Vietnam Co., Ltd - ContactOut",
CÔNG TY TNHH SAMSUNG ELECTRONICS VIỆT NAM THÁI NGUYÊN,Firecrawl,https://www.fidovn.com/doanh-nghiep/samsung-electronics-vietnam-thai-nguyen-co-ltd-20027084,tier1_coarse,"(""CÔNG TY TNHH SAMSUNG ELECTRONICS VIỆT NAM THÁI NGUYÊN"" OR ""CÔNG"") AND (""liên hệ"" OR ""contact"")","SAMSUNG ELECTRONICS VIETNAM THAI NGUYEN CO., LTD",
CÔNG TY TNHH SAMSUNG ELECTRONICS VIỆT NAM THÁI NGUYÊN,Firecrawl,https://novaspro.vn/enterprise/303-cong-ty-tnhh-samsung-electronics-thai-nguyen,tier1_coarse,"(""CÔNG TY TNHH SAMSUNG ELECTRONICS VIỆT NAM THÁI NGUYÊN"" OR ""CÔNG"") AND (""liên hệ"" OR ""contact"")",Công Ty TNHH Samsung Electronics Thái Nguyên - NovaSpro,
CÔNG TY TNHH SAMSUNG ELECTRONICS VIỆT NAM THÁI NGUYÊN,Firecrawl,https://vnr500.vn/Thong-tin-doanh-nghiep/CONG-TY-TNHH-SAMSUNG-ELECTRONICS-VIET-NAM-THAI-NGUYEN-Chart--43612-2025.html,tier1_coarse,"(""CÔNG TY TNHH SAMSUNG ELECTRONICS VIỆT NAM THÁI NGUYÊN"" OR ""CÔNG"") AND (""liên hệ"" OR ""contact"")",CÔNG TY TNHH SAMSUNG ELECTRONICS VIỆT NAM THÁI ...,
CÔNG TY TNHH SAMSUNG ELECTRONICS VIỆT NAM THÁI NGUYÊN,Firecrawl,https://www.samsung.com/vn/about-us/company-info/?srsltid=AfmBOorcx_c75Z-eN2b5GN_slXzdFa_fjUDvAQ7Y9-owuugqbRXUk7Wr,tier1_coarse,"(""CÔNG TY TNHH SAMSUNG ELECTRONICS VIỆT NAM THÁI NGUYÊN"" OR ""CÔNG"") AND (""liên hệ"" OR ""contact"")",Thông tin Công ty | Về Chúng tôi | Samsung Việt Nam,
CÔNG TY TNHH SAMSUNG ELECTRONICS VIỆT NAM THÁI NGUYÊN,Firecrawl,https://www.clodura.ai/directory/company/samsung-electronics-vietnam-co-ltd,tier1_coarse,"(""CÔNG TY TNHH SAMSUNG ELECTRONICS VIỆT NAM THÁI NGUYÊN"" OR ""CÔNG"") AND (""liên hệ"" OR ""contact"")","Samsung Electronics Vietnam Co., Ltd - Clodura.AI",
CÔNG TY TNHH SAMSUNG ELECTRONICS VIỆT NAM THÁI NGUYÊN,Firecrawl,https://www.emis.com/php/company-profile/VN/Samsung_Electronics_Vietnam_Thai_Nguyen_Company_Limited__C%C3%B4ng_Ty_Tnhh_Samsung_Electronics_Vi%E1%BB%87t_Nam_Th%C3%A1i_Nguy%C3%AAn___C%C3%B4ng_Ty_Tnhh_Samsung_Electronics_Vi%E1%BB%87t_Nam_Th%C3%A1i_Nguy%C3%AAn__Samsung_Electronics_Vietnam_Thai_Nguyen_Company_Limited___en_7357533.html,tier1_coarse,"(""CÔNG TY TNHH SAMSUNG ELECTRONICS VIỆT NAM THÁI NGUYÊN"" OR ""CÔNG"") AND (""liên hệ"" OR ""contact"")",Samsung Electronics Vietnam Thai Nguyen Company Limited ...,
CÔNG TY TNHH SAMSUNG ELECTRONICS VIỆT NAM THÁI NGUYÊN,Firecrawl,https://www.yellowpages.com.vn/listings/1187880255/vietnam-thai-nguyen-samsung-electronics-co.-ltd.html,tier1_coarse,"(""CÔNG TY TNHH SAMSUNG ELECTRONICS VIỆT NAM THÁI NGUYÊN"" OR ""CÔNG"") AND (""liên hệ"" OR ""contact"")","Vietnam Thai Nguyen Samsung Electronics Co., Ltd",
CÔNG TY TNHH SAMSUNG ELECTRONICS VIỆT NAM THÁI NGUYÊN,Firecrawl,https://www.tratencongty.com/company/14b62a9f8-cong-ty-tnhh-samsung-electronics-viet-nam-thai-nguyen/,tier1_coarse,"(""CÔNG TY TNHH SAMSUNG ELECTRONICS VIỆT NAM THÁI NGUYÊN"" OR ""CÔNG"") AND (""liên hệ"" OR ""contact"")",Công Ty TNHH Samsung Electronics Việt Nam Thái Nguyên,
CÔNG TY TNHH SAMSUNG ELECTRONICS VIỆT NAM THÁI NGUYÊN,Firecrawl,https://www.topcv.vn/cong-ty/cong-ty-tnhh-samsung-electronics-viet-nam-thai-nguyen/39095.html,tier1_coarse,"(""CÔNG TY TNHH SAMSUNG ELECTRONICS VIỆT NAM THÁI NGUYÊN"" OR ""CÔNG"") AND (""liên hệ"" OR ""contact"")",CÔNG TY TNHH SAMSUNG ELECTRONICS VIỆT NAM THÁI ...,
CÔNG TY TNHH SAMSUNG ELECTRONICS VIỆT NAM THÁI NGUYÊN,Firecrawl,https://www.samsung.com/vn/support/contact/?srsltid=AfmBOorytjVnlCay_ZHFus2AFcV6FCJ6PxwUsPPcYHkthHu1r_H08Ziu,tier1_coarse,"(""CÔNG TY TNHH SAMSUNG ELECTRONICS VIỆT NAM THÁI NGUYÊN"" OR ""CÔNG"") AND (""liên hệ"" OR ""contact"")",Trợ giúp và Liên hệ | Samsung Việt Nam,
CÔNG TY TNHH SAMSUNG ELECTRONICS VIỆT NAM THÁI NGUYÊN,Firecrawl,https://www.facebook.com/100064762566529/posts/c%C3%B4ng-ty-tnhh-sam-sung-climate-control-vi%E1%BB%87t-nam-chuy%C3%AAn-s%E1%BA%A3n-xu%E1%BA%A5t-linh-ki%E1%BB%87n-ph%E1%BB%A5-t%C3%B9n/2387328194867167/,tier1_coarse,"(""CÔNG TY TNHH SAMSUNG ELECTRONICS VIỆT NAM THÁI NGUYÊN"" OR ""CÔNG"") AND (""liên hệ"" OR ""contact"")",CÔNG TY TNHH SAM SUNG CLIMATE CONTROL VIỆT NAM ...,
CÔNG TY TNHH SAMSUNG ELECTRONICS VIỆT NAM THÁI NGUYÊN,Firecrawl,https://www.env.nm.gov/surface-water-quality/vi/contact-us-3/,tier1_coarse,"(""CÔNG TY TNHH SAMSUNG ELECTRONICS VIỆT NAM THÁI NGUYÊN"" OR ""CÔNG"") AND (""liên hệ"" OR ""contact"")",Liên hệ với chúng tôi,
CÔNG TY TNHH SAMSUNG ELECTRONICS VIỆT NAM THÁI NGUYÊN,Firecrawl,https://sspolvn.com/en/contact/,tier1_coarse,"(""CÔNG TY TNHH SAMSUNG ELECTRONICS VIỆT NAM THÁI NGUYÊN"" OR ""CÔNG"") AND (""liên hệ"" OR ""contact"")",Contact - CÔNG TY TNHH SAMSUNG POLYMER,
CÔNG TY TNHH SAMSUNG ELECTRONICS VIỆT NAM THÁI NGUYÊN,Firecrawl,https://news.samsung.com/global/tag/samsung-electronics-vietnam-thai-nguyen,tier1_coarse,"(""CÔNG TY TNHH SAMSUNG ELECTRONICS VIỆT NAM THÁI NGUYÊN"" OR ""CÔNG"") AND (""liên hệ"" OR ""contact"")",Samsung Electronics Vietnam Thai Nguyen,
CÔNG TY TNHH SAMSUNG ELECTRONICS VIỆT NAM THÁI NGUYÊN,Firecrawl,https://www.nationalfuel.com/vi/pipeline-storage/tioga-pathway-project-overview/contact-information-tioga-pathway-project/?preview_id=252352,tier1_coarse,"(""CÔNG TY TNHH SAMSUNG ELECTRONICS VIỆT NAM THÁI NGUYÊN"" OR ""CÔNG"") AND (""liên hệ"" OR ""contact"")",Thông tin liên hệ | Công ty Khí đốt Quốc gia - National Fuel,
CÔNG TY TNHH SAMSUNG ELECTRONICS VIỆT NAM THÁI NGUYÊN,Firecrawl,https://masothue.com/4601124536-cong-ty-tnhh-samsung-electronics-viet-nam-thai-nguyen,tier1_coarse,"(""CÔNG TY TNHH SAMSUNG ELECTRONICS VIỆT NAM THÁI NGUYÊN"" OR ""CÔNG"") AND (""liên hệ"" OR ""contact"")",4601124536 - CÔNG TY TNHH SAMSUNG ELECTRONICS VIỆT ...,
CÔNG TY TNHH SAMSUNG ELECTRONICS VIỆT NAM THÁI NGUYÊN,Firecrawl,https://gemmob.com/en/contact/,tier1_coarse,"(""CÔNG TY TNHH SAMSUNG ELECTRONICS VIỆT NAM THÁI NGUYÊN"" OR ""CÔNG"") AND (""liên hệ"" OR ""contact"")",Contact - Công ty Gemmob,
3C VIET NAM TECHNOLOGY JOINT STOCK COMPANY,Firecrawl,https://fiingate.vn/BusinessDirectory/CompanyDetail/16701,tier1_coarse,"(""3C VIET NAM TECHNOLOGY JOINT STOCK COMPANY"" OR ""3NT"") AND (""liên hệ"" OR ""contact"")",3C VIET NAM TECHNOLOGY JOINT STOCK COMPANY - FiinGate,
3C VIET NAM TECHNOLOGY JOINT STOCK COMPANY,Firecrawl,https://3ntmedical.com/,tier1_coarse,"(""3C VIET NAM TECHNOLOGY JOINT STOCK COMPANY"" OR ""3NT"") AND (""liên hệ"" OR ""contact"")",3NT Medical,
3C VIET NAM TECHNOLOGY JOINT STOCK COMPANY,Firecrawl,https://masothue.com/0104637185-cong-ty-co-phan-cong-nghe-3c-viet-nam,tier1_coarse,"(""3C VIET NAM TECHNOLOGY JOINT STOCK COMPANY"" OR ""3NT"") AND (""liên hệ"" OR ""contact"")",0104637185 - CÔNG TY CỔ PHẦN CÔNG NGHỆ 3C VIỆT NAM,
3C VIET NAM TECHNOLOGY JOINT STOCK COMPANY,Firecrawl,https://3ntmedical.com/home-us/about-us/,tier1_coarse,"(""3C VIET NAM TECHNOLOGY JOINT STOCK COMPANY"" OR ""3NT"") AND (""liên hệ"" OR ""contact"")",About Us - 3NT Medical,
3C VIET NAM TECHNOLOGY JOINT STOCK COMPANY,Firecrawl,https://prospeo.io/c/3nt-medical,tier1_coarse,"(""3C VIET NAM TECHNOLOGY JOINT STOCK COMPANY"" OR ""3NT"") AND (""liên hệ"" OR ""contact"")","3NT Medical Overview, Address & Contact - Prospeo",
3C VIET NAM TECHNOLOGY JOINT STOCK COMPANY,Firecrawl,http://3nt.com/,tier1_coarse,"(""3C VIET NAM TECHNOLOGY JOINT STOCK COMPANY"" OR ""3NT"") AND (""liên hệ"" OR ""contact"")",3NT Solutions — Powerful Infrastructure for Digital Growth,
3C VIET NAM TECHNOLOGY JOINT STOCK COMPANY,Firecrawl,https://www.3ntmerch.com/contact,tier1_coarse,"(""3C VIET NAM TECHNOLOGY JOINT STOCK COMPANY"" OR ""3NT"") AND (""liên hệ"" OR ""contact"")",Contact | 3NT Productions Official,
3C VIET NAM TECHNOLOGY JOINT STOCK COMPANY,Firecrawl,https://www.sensata.com/products/motor-protectors/thermostats-and-thermal-cut-outs/thermostats/3nt-series,tier1_coarse,"(""3C VIET NAM TECHNOLOGY JOINT STOCK COMPANY"" OR ""3NT"") AND (""liên hệ"" OR ""contact"")",3NT Series - Sensata Technologies,
3C VIET NAM TECHNOLOGY JOINT STOCK COMPANY,Firecrawl,https://www.larryco.com/bridge-videos/bms-bridge-byte-bob-hamman-and-larry-on-3nt,tier1_coarse,"(""3C VIET NAM TECHNOLOGY JOINT STOCK COMPANY"" OR ""3NT"") AND (""liên hệ"" OR ""contact"")",BMS Bridge Byte: Bob Hamman and Larry on 3NT - LarryCo,
3C VIET NAM TECHNOLOGY JOINT STOCK COMPANY,Firecrawl,https://3ntmedical.com/home-us/terms-conditions-of-sale/,tier1_coarse,"(""3C VIET NAM TECHNOLOGY JOINT STOCK COMPANY"" OR ""3NT"") AND (""liên hệ"" OR ""contact"")",Terms & Conditions of Sale - 3NT Medical,
3C VIET NAM TECHNOLOGY JOINT STOCK COMPANY,Firecrawl,https://www.facebook.com/groups/1383358701877336/posts/3729354983944351/,tier1_coarse,"(""3C VIET NAM TECHNOLOGY JOINT STOCK COMPANY"" OR ""3NT"") AND (""liên hệ"" OR ""contact"")",Should I have corrected to 4S after partner chose 3NT? - Facebook,
3C VIET NAM TECHNOLOGY JOINT STOCK COMPANY,Firecrawl,https://leneta.com/optical-brighteners/yes/,tier1_coarse,"(""3C VIET NAM TECHNOLOGY JOINT STOCK COMPANY"" OR ""3NT"") AND (""liên hệ"" OR ""contact"")",Yes - Leneta,
3C VIET NAM TECHNOLOGY JOINT STOCK COMPANY,Firecrawl,https://www.threenotchedtrail.com/contact-us-get-involved,tier1_coarse,"(""3C VIET NAM TECHNOLOGY JOINT STOCK COMPANY"" OR ""3NT"") AND (""liên hệ"" OR ""contact"")",Contact Us - Three Notched Trail,
3C VIET NAM TECHNOLOGY JOINT STOCK COMPANY,Firecrawl,https://3ntmedical.com/home-us/terms-conditions-of-sale/,tier1_coarse,"(""3C VIET NAM TECHNOLOGY JOINT STOCK COMPANY"" OR ""3NT"") AND (""liên hệ"" OR ""contact"")",Terms & Conditions of Sale - 3NT Medical,
3C VIET NAM TECHNOLOGY JOINT STOCK COMPANY,Firecrawl,https://www.advinbridge.com/this-week-in-bridge/519,tier1_coarse,"(""3C VIET NAM TECHNOLOGY JOINT STOCK COMPANY"" OR ""3NT"") AND (""liên hệ"" OR ""contact"")",(519) NT Auctions: Trick-Showing NT Bids - Gambling 3NT and More,
3C VIET NAM TECHNOLOGY JOINT STOCK COMPANY,Firecrawl,https://www.renesas.com/en/about/newsroom/renesas-electronics-announces-r8c3nt-group-microcontrollers-chip-touch-key-functions-and-industry?srsltid=AfmBOorSuwkK8BW0cEshaYo--sTXpscK63J8Wyi2C7uzCQsH0l2W4Qad,tier1_coarse,"(""3C VIET NAM TECHNOLOGY JOINT STOCK COMPANY"" OR ""3NT"") AND (""liên hệ"" OR ""contact"")",Renesas Electronics Announces R8C/3NT Group of Microcontrollers ...,
3C VIET NAM TECHNOLOGY JOINT STOCK COMPANY,Firecrawl,https://www.accessdata.fda.gov/cdrh_docs/pdf20/K202727.pdf,tier1_coarse,"(""3C VIET NAM TECHNOLOGY JOINT STOCK COMPANY"" OR ""3NT"") AND (""liên hệ"" OR ""contact"")","[PDF] July 23, 2021 3NT Medical Ltd. Orly Maor Company Consultant Orly ...",
3C VIET NAM TECHNOLOGY JOINT STOCK COMPANY,Firecrawl,https://www.instagram.com/p/CuARMLZr39G/,tier1_coarse,"(""3C VIET NAM TECHNOLOGY JOINT STOCK COMPANY"" OR ""3NT"") AND (""liên hệ"" OR ""contact"")",European Cup Wels ‍♂️    ‍♂️    ‍♂️ Just when I ... - Instagram,
3C VIET NAM TECHNOLOGY JOINT STOCK COMPANY,Firecrawl,https://cordis.europa.eu/project/id/891458,tier1_coarse,"(""3C VIET NAM TECHNOLOGY JOINT STOCK COMPANY"" OR ""3NT"") AND (""liên hệ"" OR ""contact"")",Photoredox catalysis as a tool for the site-specific labelling of proteins,
3C VIET NAM TECHNOLOGY JOINT STOCK COMPANY,Firecrawl,https://www.larryco.com/bridge-articles/which-game,tier1_coarse,"(""3C VIET NAM TECHNOLOGY JOINT STOCK COMPANY"" OR ""3NT"") AND (""liên hệ"" OR ""contact"")",Which Game? - LarryCo,
HYCO4 - JSC,Firecrawl,https://www.facebook.com/hyco4building/?locale=ro_RO,tier1_coarse,"(""HYCO4 - JSC"" OR ""HYCO4"") AND (""liên hệ"" OR ""contact"")",Hyco4 Building | Ho Chi Minh City - Facebook,
HYCO4 - JSC,Firecrawl,https://fuelcellsworks.com/2025/11/14/green-technology/rotterdam-hyco4-co-capture-project-reaches-milestone-as-modules-arrive-on-site,tier1_coarse,"(""HYCO4 - JSC"" OR ""HYCO4"") AND (""liên hệ"" OR ""contact"")",Rotterdam HyCO4 CO₂ Capture Project Reaches Milestone,
HYCO4 - JSC,Firecrawl,https://jobs.workinthehague.nl/companies/air-products-and-chemicals/jobs/45031387-operations-technician-hyco-4,tier1_coarse,"(""HYCO4 - JSC"" OR ""HYCO4"") AND (""liên hệ"" OR ""contact"")",Operations Technician HyCO-4 @ Air Products and Chemicals,
HYCO4 - JSC,Firecrawl,https://www.dcmr.nl/voor-bedrijven/bedrijven/air-products-hyco4,tier1_coarse,"(""HYCO4 - JSC"" OR ""HYCO4"") AND (""liên hệ"" OR ""contact"")",Air Products Hyco4 - DCMR,
HYCO4 - JSC,Firecrawl,https://www.heyiele.com/cooperation/,tier1_coarse,"(""HYCO4 - JSC"" OR ""HYCO4"") AND (""liên hệ"" OR ""contact"")",Cooperation - Heyi Electric,
HYCO4 - JSC,Firecrawl,https://www.linkedin.com/posts/catalyze-group_innovation-fund-2025-activity-7392570440554278913-D0HR,tier1_coarse,"(""HYCO4 - JSC"" OR ""HYCO4"") AND (""liên hệ"" OR ""contact"")",Innovation Fund 2025 | Catalyze Group - LinkedIn,
HYCO4 - JSC,Firecrawl,https://www.tceq.texas.gov/assets/public/permitting/air/reports/applications/37902-tc.pdf,tier1_coarse,"(""HYCO4 - JSC"" OR ""HYCO4"") AND (""liên hệ"" OR ""contact"")","[PDF] # $ %&'() & *+ , ) - ./ <, &( ' *722 @) / $ %&'() & - Texas Commission ...",
HYCO4 - JSC,Firecrawl,https://vanphongsg.com/van-phong-cho-thue/the-hyco4-tower-944.html,tier1_coarse,"(""HYCO4 - JSC"" OR ""HYCO4"") AND (""liên hệ"" OR ""contact"")",THE HYCO4 TOWER - Your Office - Văn phòng cho thuê,
HYCO4 - JSC,Firecrawl,https://finance.vietstock.vn/TL4-hydraulics-contruction-corporation-no-4-joint-stock-company.htm?tab=BCTN&languageid=2,tier1_coarse,"(""HYCO4 - JSC"" OR ""HYCO4"") AND (""liên hệ"" OR ""contact"")",TL4: Hydraulics Construction Corporation No.4 - HYCO4 – JSC,
HYCO4 - JSC,Firecrawl,https://www.h2-view.com/story/air-products-adds-liquefaction-to-port-of-rotterdam-grey-hydrogen-plant/2138905.article/,tier1_coarse,"(""HYCO4 - JSC"" OR ""HYCO4"") AND (""liên hệ"" OR ""contact"")",Air Products adds liquefaction to Port of Rotterdam grey hydrogen ...,
HYCO4 - JSC,Firecrawl,https://www.heyiele.com/cooperation/,tier1_coarse,"(""HYCO4 - JSC"" OR ""HYCO4"") AND (""liên hệ"" OR ""contact"")",Cooperation - Heyi Electric,
HYCO4 - JSC,Firecrawl,https://h2eg.com/h2-view-news-air-products-adds-liquefaction-to-port-of-rotterdam-grey-hydrogen-plant/,tier1_coarse,"(""HYCO4 - JSC"" OR ""HYCO4"") AND (""liên hệ"" OR ""contact"")",H2-View News: Air Products adds liquefaction to Port of Rotterdam ...,
HYCO4 - JSC,Firecrawl,https://seekingalpha.com/article/4849296-air-products-and-chemicals-inc-apd-presents-at-citigroup-2025-basic-materials-conference,tier1_coarse,"(""HYCO4 - JSC"" OR ""HYCO4"") AND (""liên hệ"" OR ""contact"")","Air Products and Chemicals, Inc. (APD) Presents at Citigroup 2025 ...",
HYCO4 - JSC,Firecrawl,https://dutramex.nl/nl/referenties/hyco4/,tier1_coarse,"(""HYCO4 - JSC"" OR ""HYCO4"") AND (""liên hệ"" OR ""contact"")",HyCO4 - Dutramex,
HYCO4 - JSC,Firecrawl,https://www.linkedin.com/in/elizar-soedarmo-547902b,tier1_coarse,"(""HYCO4 - JSC"" OR ""HYCO4"") AND (""liên hệ"" OR ""contact"")",Elizar Soedarmo - Sr Cost Estimating Engineer | LinkedIn,
HYCO4 - JSC,Firecrawl,https://investvietnam.vn/fujinami-construction-consultant-co-ltd-pn642.html,tier1_coarse,"(""HYCO4 - JSC"" OR ""HYCO4"") AND (""liên hệ"" OR ""contact"")","Fujinami Construction Consultant Co., Ltd - Invest Vietnam",
HYCO4 - JSC,Firecrawl,https://hoozing.com/en/for-rent/search?project=b5cc42a6-b4d9-4a0a-a4ce-6c692c8b2559,tier1_coarse,"(""HYCO4 - JSC"" OR ""HYCO4"") AND (""liên hệ"" OR ""contact"")",Rent Properties in Ho Chi Minh City - Hoozing,
HYCO4 - JSC,Firecrawl,https://www.sec.gov/Archives/edgar/data/1070154/000114420419025635/0001144204-19-025635.txt,tier1_coarse,"(""HYCO4 - JSC"" OR ""HYCO4"") AND (""liên hệ"" OR ""contact"")",0001144204-19-025635.txt - SEC.gov,
HYCO4 - JSC,Firecrawl,https://rentoplan.com/en/property/23053,tier1_coarse,"(""HYCO4 - JSC"" OR ""HYCO4"") AND (""liên hệ"" OR ""contact"")",Apartment for sale in The Hyco4 Tower Binh Thanh Ho Chi Minh ...,
HYCO4 - JSC,Firecrawl,https://www.pbl.nl/sites/default/files/downloads/pbl-2022-decarbonisation-of-the-industry-cluster-botlek-pernis-rotterdam-4946.pdf,tier1_coarse,"(""HYCO4 - JSC"" OR ""HYCO4"") AND (""liên hệ"" OR ""contact"")",[PDF] Decarbonisation of the Industry cluster Botlek/Pernis Rotterdam,
CÔNG TY TNHH AUDIENCE SERV,Firecrawl,https://www.nationalfuel.com/vi/pipeline-storage/national-fuel-gas-supply-corp/contact-us/,tier1_coarse,"(""CÔNG TY TNHH AUDIENCE SERV"" OR ""CÔNG"") AND (""liên hệ"" OR ""contact"")",Liên hệ với chúng tôi | Công Ty Cổ Phần Cung Ứng | Đường ống ...,
CÔNG TY TNHH AUDIENCE SERV,Firecrawl,https://www.env.nm.gov/solid-waste/vi/who-do-i-contact/,tier1_coarse,"(""CÔNG TY TNHH AUDIENCE SERV"" OR ""CÔNG"") AND (""liên hệ"" OR ""contact"")",Tôi phải liên hệ với ai?,
CÔNG TY TNHH AUDIENCE SERV,Firecrawl,https://www.facebook.com/groups/diendanthue.new/posts/2091361498107986/,tier1_coarse,"(""CÔNG TY TNHH AUDIENCE SERV"" OR ""CÔNG"") AND (""liên hệ"" OR ""contact"")",Dạ em cần tìm kiếm thông tin liên hệ của CÔNG TY TNHH SẢN ...,
CÔNG TY TNHH AUDIENCE SERV,Firecrawl,https://www.cityoflancasterpa.gov/vi/contact/,tier1_coarse,"(""CÔNG TY TNHH AUDIENCE SERV"" OR ""CÔNG"") AND (""liên hệ"" OR ""contact"")","Liên hệ với chúng tôi | Thành phố Lancaster, PA",
CÔNG TY TNHH AUDIENCE SERV,Firecrawl,https://vn.usembassy.gov/vi/visas-vi/,tier1_coarse,"(""CÔNG TY TNHH AUDIENCE SERV"" OR ""CÔNG"") AND (""liên hệ"" OR ""contact"")",Các Dịch vụ Thị thực Hoa Kỳ - Đại sứ quán và Tổng Lãnh sự quán ...,
CÔNG TY TNHH AUDIENCE SERV,Firecrawl,https://www.ninestarsco.com/contact/,tier1_coarse,"(""CÔNG TY TNHH AUDIENCE SERV"" OR ""CÔNG"") AND (""liên hệ"" OR ""contact"")",Contact - Công Ty TNHH TMDV Chín Ngôi Sao,
CÔNG TY TNHH AUDIENCE SERV,Firecrawl,https://y-los.com/vi/lien-he,tier1_coarse,"(""CÔNG TY TNHH AUDIENCE SERV"" OR ""CÔNG"") AND (""liên hệ"" OR ""contact"")",Liên hệ - CÔNG TY TNHH Y.LOS,
CÔNG TY TNHH AUDIENCE SERV,Firecrawl,https://nafosted.gov.vn/lien-he/,tier1_coarse,"(""CÔNG TY TNHH AUDIENCE SERV"" OR ""CÔNG"") AND (""liên hệ"" OR ""contact"")",Liên hệ - Quỹ Phát triển khoa học và công nghệ Quốc gia - Nafosted,
CÔNG TY TNHH AUDIENCE SERV,Firecrawl,https://vietnamnipponseiki.com.vn/en/contact/,tier1_coarse,"(""CÔNG TY TNHH AUDIENCE SERV"" OR ""CÔNG"") AND (""liên hệ"" OR ""contact"")",Contact – CÔNG TY TNHH VIỆT NAM NIPPON SEIKI,
CÔNG TY TNHH AUDIENCE SERV,Firecrawl,https://www.reddit.com/r/jobs/comments/1bzysgl/i_got_reached_out_to_for_a_job_i_applied_for_via/?tl=vi,tier1_coarse,"(""CÔNG TY TNHH AUDIENCE SERV"" OR ""CÔNG"") AND (""liên hệ"" OR ""contact"")",Mình được liên hệ cho một công việc mình đã ứng tuyển qua ...,
CÔNG TY TNHH AUDIENCE SERV,Firecrawl,https://lgcvn.com.vn/lien-he/,tier1_coarse,"(""CÔNG TY TNHH AUDIENCE SERV"" OR ""CÔNG"") AND (""liên hệ"" OR ""contact"")",LIÊN HỆ - Công Ty TNHH Dịch Vụ Thương Mại Tổng Hợp,
CÔNG TY TNHH AUDIENCE SERV,Firecrawl,https://anio-opera.vn/form_media/,tier1_coarse,"(""CÔNG TY TNHH AUDIENCE SERV"" OR ""CÔNG"") AND (""liên hệ"" OR ""contact"")","Liên hệ, Dành cho Đơn vị truyền thông, báo chí - Công nữ Anio",
CÔNG TY TNHH AUDIENCE SERV,Firecrawl,https://www.sgca.vn/VN/lien-he.aspx,tier1_coarse,"(""CÔNG TY TNHH AUDIENCE SERV"" OR ""CÔNG"") AND (""liên hệ"" OR ""contact"")",Liên Hệ - CÔNG TY TNHH TƯ VẤN DỊCH VỤ SÀI GÒN SGCA,
CÔNG TY TNHH AUDIENCE SERV,Firecrawl,https://i-ca.vn/lien-he,tier1_coarse,"(""CÔNG TY TNHH AUDIENCE SERV"" OR ""CÔNG"") AND (""liên hệ"" OR ""contact"")",Liên hệ - Chữ ký số công cộng I-CA,
CÔNG TY TNHH AUDIENCE SERV,Firecrawl,https://www.saovietco.vn/en/lien-he/,tier1_coarse,"(""CÔNG TY TNHH AUDIENCE SERV"" OR ""CÔNG"") AND (""liên hệ"" OR ""contact"")",Contact – Công ty vệ sinh Sao Việt,
CÔNG TY TNHH AUDIENCE SERV,Firecrawl,https://vinare.com.vn/contact/,tier1_coarse,"(""CÔNG TY TNHH AUDIENCE SERV"" OR ""CÔNG"") AND (""liên hệ"" OR ""contact"")",CONTACT,
CÔNG TY TNHH AUDIENCE SERV,Firecrawl,https://www.dedica-law.com/contact,tier1_coarse,"(""CÔNG TY TNHH AUDIENCE SERV"" OR ""CÔNG"") AND (""liên hệ"" OR ""contact"")",Contact Us | Công ty Luật DEDICA - English,
CÔNG TY TNHH AUDIENCE SERV,Firecrawl,https://www.irs.gov/vi/help/let-us-help-you,tier1_coarse,"(""CÔNG TY TNHH AUDIENCE SERV"" OR ""CÔNG"") AND (""liên hệ"" OR ""contact"")",Hãy để chúng tôi giúp bạn | Internal Revenue Service,
CÔNG TY TNHH AUDIENCE SERV,Firecrawl,https://www.cityascom.vn/,tier1_coarse,"(""CÔNG TY TNHH AUDIENCE SERV"" OR ""CÔNG"") AND (""liên hệ"" OR ""contact"")",Công ty TNHH City Ascom Việt Nam,
CÔNG TY TNHH AUDIENCE SERV,Firecrawl,https://www.reddit.com/r/kpopthoughts/comments/13ye2o6/relating_every_mistreatment_regarding_liz_to_her/?tl=vi,tier1_coarse,"(""CÔNG TY TNHH AUDIENCE SERV"" OR ""CÔNG"") AND (""liên hệ"" OR ""contact"")",Việc liên hệ mọi sự đối xử bất công với Liz với cân nặng của cô ấy ...,
CIRCO SERVICES JOINT-STOCK COMPANY,Firecrawl,https://www.getcirco.com/contact,tier1_coarse,"(""CIRCO SERVICES JOINT-STOCK COMPANY"" OR ""CIRCO"") AND (""liên hệ"" OR ""contact"")",Contact - Circo,
CIRCO SERVICES JOINT-STOCK COMPANY,Firecrawl,https://prospeo.io/c/circo,tier1_coarse,"(""CIRCO SERVICES JOINT-STOCK COMPANY"" OR ""CIRCO"") AND (""liên hệ"" OR ""contact"")","Circo Overview, Address & Contact - Prospeo",
CIRCO SERVICES JOINT-STOCK COMPANY,Firecrawl,https://circo.co/en/services/virtual-office,tier1_coarse,"(""CIRCO SERVICES JOINT-STOCK COMPANY"" OR ""CIRCO"") AND (""liên hệ"" OR ""contact"")",What is Virtual Offices? A Game-Changer for Modern Businesses,
CIRCO SERVICES JOINT-STOCK COMPANY,Firecrawl,https://www.facebook.com/circo.co/,tier1_coarse,"(""CIRCO SERVICES JOINT-STOCK COMPANY"" OR ""CIRCO"") AND (""liên hệ"" OR ""contact"")",cirCO Co-working Space - Facebook,
CIRCO SERVICES JOINT-STOCK COMPANY,Firecrawl,http://circoconsulting.com/contact-us/,tier1_coarse,"(""CIRCO SERVICES JOINT-STOCK COMPANY"" OR ""CIRCO"") AND (""liên hệ"" OR ""contact"")",Contact Us | Claims Management Company - Circo Consulting,
CIRCO SERVICES JOINT-STOCK COMPANY,Firecrawl,https://www.datalane.com/contacts/restaurants/circo,tier1_coarse,"(""CIRCO SERVICES JOINT-STOCK COMPANY"" OR ""CIRCO"") AND (""liên hệ"" OR ""contact"")",Circo Contact Details | Owner Phone & Email - DataLane,
CIRCO SERVICES JOINT-STOCK COMPANY,Firecrawl,https://shopcirco.com/pages/contact?srsltid=AfmBOoqi5wfoCC6YEafDi6ldxI-ewttsJRI2DFR0gWZXOz-oW-Cuqhh8,tier1_coarse,"(""CIRCO SERVICES JOINT-STOCK COMPANY"" OR ""CIRCO"") AND (""liên hệ"" OR ""contact"")",Get in touch with us! - Circo Labs,
CIRCO SERVICES JOINT-STOCK COMPANY,Firecrawl,https://www.zoominfo.com/pic/circo/459843253,tier1_coarse,"(""CIRCO SERVICES JOINT-STOCK COMPANY"" OR ""CIRCO"") AND (""liên hệ"" OR ""contact"")",Circo: Employee Directory | ZoomInfo.com,
CIRCO SERVICES JOINT-STOCK COMPANY,Firecrawl,https://services.ngnordic.com/material-recycling/circo-recycled-plastics/contact-information,tier1_coarse,"(""CIRCO SERVICES JOINT-STOCK COMPANY"" OR ""CIRCO"") AND (""liên hệ"" OR ""contact"")",Circo® contact information - NG Nordic,
CIRCO SERVICES JOINT-STOCK COMPANY,Firecrawl,https://www.circonl.nl/international/,tier1_coarse,"(""CIRCO SERVICES JOINT-STOCK COMPANY"" OR ""CIRCO"") AND (""liên hệ"" OR ""contact"")",International - CIRCO,
CIRCO SERVICES JOINT-STOCK COMPANY,Firecrawl,https://www.linkedin.com/company/circo-tech,tier1_coarse,"(""CIRCO SERVICES JOINT-STOCK COMPANY"" OR ""CIRCO"") AND (""liên hệ"" OR ""contact"")",Circo | LinkedIn,
CIRCO SERVICES JOINT-STOCK COMPANY,Firecrawl,https://circoenterprises.com/contact-us/,tier1_coarse,"(""CIRCO SERVICES JOINT-STOCK COMPANY"" OR ""CIRCO"") AND (""liên hệ"" OR ""contact"")","Contact Circo Enterprises in Omaha, NE",
CIRCO SERVICES JOINT-STOCK COMPANY,Firecrawl,https://www.facebook.com/circodongdu/,tier1_coarse,"(""CIRCO SERVICES JOINT-STOCK COMPANY"" OR ""CIRCO"") AND (""liên hệ"" OR ""contact"")",CirCO Co-working Space | Ho Chi Minh City - Facebook,
CIRCO SERVICES JOINT-STOCK COMPANY,Firecrawl,https://circospastryshop.com/pages/contact-us?srsltid=AfmBOookVZ0qDACp-WnSvcXpzXJznJofSZ-plJLLw4fene-ZGUlyCtEv,tier1_coarse,"(""CIRCO SERVICES JOINT-STOCK COMPANY"" OR ""CIRCO"") AND (""liên hệ"" OR ""contact"")",Contact Us – Circo's Pastry Shop,
CIRCO SERVICES JOINT-STOCK COMPANY,Firecrawl,http://circozero.org/contact,tier1_coarse,"(""CIRCO SERVICES JOINT-STOCK COMPANY"" OR ""CIRCO"") AND (""liên hệ"" OR ""contact"")",Contact - Circo Zero,
CIRCO SERVICES JOINT-STOCK COMPANY,Firecrawl,https://www.circoinnovations.com/contact-us,tier1_coarse,"(""CIRCO SERVICES JOINT-STOCK COMPANY"" OR ""CIRCO"") AND (""liên hệ"" OR ""contact"")","Contact Us | Circo Innovations, Inc. | Grass Valley",
CIRCO SERVICES JOINT-STOCK COMPANY,Firecrawl,https://apps.apple.com/us/app/circo-digital-business-card/id1617122083,tier1_coarse,"(""CIRCO SERVICES JOINT-STOCK COMPANY"" OR ""CIRCO"") AND (""liên hệ"" OR ""contact"")",Circo: Digital Business Card - App Store - Apple,
CIRCO SERVICES JOINT-STOCK COMPANY,Firecrawl,https://www.unomaha.edu/college-of-public-affairs-and-community-service/social-work/about-us/dir-pages/dir-circo-deb.php,tier1_coarse,"(""CIRCO SERVICES JOINT-STOCK COMPANY"" OR ""CIRCO"") AND (""liên hệ"" OR ""contact"")","Deborah (Deb) Circo, Ph.D., LICSW - University of Nebraska Omaha",
CIRCO SERVICES JOINT-STOCK COMPANY,Firecrawl,http://lecirque.com/,tier1_coarse,"(""CIRCO SERVICES JOINT-STOCK COMPANY"" OR ""CIRCO"") AND (""liên hệ"" OR ""contact"")",Le Cirque,
CIRCO SERVICES JOINT-STOCK COMPANY,Firecrawl,https://www.raymore.com/government/mayor-city-council,tier1_coarse,"(""CIRCO SERVICES JOINT-STOCK COMPANY"" OR ""CIRCO"") AND (""liên hệ"" OR ""contact"")","Mayor & City Council | City of Raymore, MO",
"SAIGON BOULEVARD CO., LTD",Firecrawl,https://saigonblvdbanhmi.com/page/contact-us,tier1_coarse,"(""SAIGON BOULEVARD CO., LTD"" OR ""SAIGON"") AND (""liên hệ"" OR ""contact"")",Contact Us - Saigon Blvd Bánh Mì,
"SAIGON BOULEVARD CO., LTD",Firecrawl,https://saigonsantabarbara.com/contact/,tier1_coarse,"(""SAIGON BOULEVARD CO., LTD"" OR ""SAIGON"") AND (""liên hệ"" OR ""contact"")",Contact Us - Saigon Vietnamese Restaurant,
"SAIGON BOULEVARD CO., LTD",Firecrawl,https://prospeo.io/c/saigon-co-op,tier1_coarse,"(""SAIGON BOULEVARD CO., LTD"" OR ""SAIGON"") AND (""liên hệ"" OR ""contact"")","Saigon Co.op Overview, Address & Contact - Prospeo",
"SAIGON BOULEVARD CO., LTD",Firecrawl,https://saigonhotel.com.vn/contact-location/,tier1_coarse,"(""SAIGON BOULEVARD CO., LTD"" OR ""SAIGON"") AND (""liên hệ"" OR ""contact"")",Contact & Location - Saigon Hotel,
"SAIGON BOULEVARD CO., LTD",Firecrawl,https://www.thereveriesaigon.com/contact/,tier1_coarse,"(""SAIGON BOULEVARD CO., LTD"" OR ""SAIGON"") AND (""liên hệ"" OR ""contact"")",District 1 | Vietnam - Contact The Reverie Saigon,
"SAIGON BOULEVARD CO., LTD",Firecrawl,https://www.facebook.com/oldsaigon1/,tier1_coarse,"(""SAIGON BOULEVARD CO., LTD"" OR ""SAIGON"") AND (""liên hệ"" OR ""contact"")",Old Saigon | Makati - Facebook,
"SAIGON BOULEVARD CO., LTD",Firecrawl,https://www.pullman-saigon-centre.com/lifestyle-5-star-hotel/contact-us/,tier1_coarse,"(""SAIGON BOULEVARD CO., LTD"" OR ""SAIGON"") AND (""liên hệ"" OR ""contact"")",Contact Us - Pullman Saigon Centre,
"SAIGON BOULEVARD CO., LTD",Firecrawl,https://www.palacesaigon.com/contact-us/,tier1_coarse,"(""SAIGON BOULEVARD CO., LTD"" OR ""SAIGON"") AND (""liên hệ"" OR ""contact"")",Contact Us Ho Chi Minh City Hotel - Palace Hotel Saigon,
"SAIGON BOULEVARD CO., LTD",Firecrawl,https://saigonadventure.com/contact-us/?srsltid=AfmBOoqCJq8gJd_CGPsiegHZkXkIfKpjl4CM815FH0qkQ9eBv5f7ak8A,tier1_coarse,"(""SAIGON BOULEVARD CO., LTD"" OR ""SAIGON"") AND (""liên hệ"" OR ""contact"")",Contact Us - Saigon Adventure,
"SAIGON BOULEVARD CO., LTD",Firecrawl,https://www.saigoncafestl.com/contact-us,tier1_coarse,"(""SAIGON BOULEVARD CO., LTD"" OR ""SAIGON"") AND (""liên hệ"" OR ""contact"")",Contact Us | Little Saigon Cafe,
"SAIGON BOULEVARD CO., LTD",Firecrawl,https://www.palacesaigon.com/contact-us/,tier1_coarse,"(""SAIGON BOULEVARD CO., LTD"" OR ""SAIGON"") AND (""liên hệ"" OR ""contact"")",Contact Us Ho Chi Minh City Hotel - Palace Hotel Saigon,
"SAIGON BOULEVARD CO., LTD",Firecrawl,https://flsseattle.org/who-we-are/,tier1_coarse,"(""SAIGON BOULEVARD CO., LTD"" OR ""SAIGON"") AND (""liên hệ"" OR ""contact"")",Who We Are - Friends of Little Saigon,
"SAIGON BOULEVARD CO., LTD",Firecrawl,https://iphomn.com/,tier1_coarse,"(""SAIGON BOULEVARD CO., LTD"" OR ""SAIGON"") AND (""liên hệ"" OR ""contact"")","iPho by Saigon - Vietnamese Restaurant - Saint Paul, Minnesota",
"SAIGON BOULEVARD CO., LTD",Firecrawl,https://saigonscorner.com/page/contact-us,tier1_coarse,"(""SAIGON BOULEVARD CO., LTD"" OR ""SAIGON"") AND (""liên hệ"" OR ""contact"")",Contact Us - SAIGON'S CORNER Authentic Vietnamese Cuisine,
"SAIGON BOULEVARD CO., LTD",Firecrawl,https://saigondistrict.com/page/contact-us,tier1_coarse,"(""SAIGON BOULEVARD CO., LTD"" OR ""SAIGON"") AND (""liên hệ"" OR ""contact"")",Contact Us | Saigon District Restaurant Presotea,
"SAIGON BOULEVARD CO., LTD",Firecrawl,https://www.executivecentre.com/blog-article/growing-centre-network-vietnam-introducing-saigon-centre-tower-one/,tier1_coarse,"(""SAIGON BOULEVARD CO., LTD"" OR ""SAIGON"") AND (""liên hệ"" OR ""contact"")",Growing Our Centre Network In Vietnam: Saigon Centre Tower One,
"SAIGON BOULEVARD CO., LTD",Firecrawl,https://www.saigonnv.com/,tier1_coarse,"(""SAIGON BOULEVARD CO., LTD"" OR ""SAIGON"") AND (""liên hệ"" OR ""contact"")",Saigon NV - Vietnamese Restaurant｜Online Order｜Malden｜MA,
"SAIGON BOULEVARD CO., LTD",Firecrawl,https://www.thedecksaigon.com/contact-us/,tier1_coarse,"(""SAIGON BOULEVARD CO., LTD"" OR ""SAIGON"") AND (""liên hệ"" OR ""contact"")",Contact Us - The Deck Saigon,
"SAIGON BOULEVARD CO., LTD",Firecrawl,https://www.datalane.com/contacts/restaurants/miss-saigon-oakland,tier1_coarse,"(""SAIGON BOULEVARD CO., LTD"" OR ""SAIGON"") AND (""liên hệ"" OR ""contact"")",Miss Saigon Contact Details | Owner Phone & Email - DataLane,
"SAIGON BOULEVARD CO., LTD",Firecrawl,https://www.tripadvisor.com/Hotel_Feature-g293925-d8142973-zft1-Hotel_Des_Arts_Saigon_Mgallery.html,tier1_coarse,"(""SAIGON BOULEVARD CO., LTD"" OR ""SAIGON"") AND (""liên hệ"" OR ""contact"")",Hôtel Des Arts Saigon - Mgallery Rooms: Pictures & Reviews,
HYCO4 - JSC,Firecrawl,https://www.volza.com/company-profile/hyco4-jsc-48944265/,step4_fallback_en,"""HYCO4 - JSC""","Hyco4 - Jsc, Ho Chi Minh City, Vietnam - Volza","The headquarters of Hyco4 - Jsc is located at 205A Nguyen Xi, Ward 26, Binh Thanh District, Ho Chi Minh City, VIETNAM ..."
HYCO4 - JSC,Firecrawl,https://finance.vietstock.vn/TL4-tong-cong-ty-co-phan-xay-dung-thuy-loi-4.htm?languageid=2,step4_fallback_en,"""HYCO4 - JSC""",TL4: Hydraulics Construction Corporation No.4 - Joint Stock Company,"TL4: News and data Hydraulics Construction Corporation No.4 - Joint Stock Company (HYCO4 – JSC): 04/05/2026 - 11900 VND, Realtime price, transaction ..."
HYCO4 - JSC,Firecrawl,https://finance.vietstock.vn/TL4/labor-structure.htm?languageid=2,step4_fallback_en,"""HYCO4 - JSC""",TL4: Hydraulics Construction Corporation No.4 - HYCO4 – JSC,"Hydraulics Construction Corporation No.4 Joint Stock Company, formerly was Construction Corporation No.4, was established in 1979."
HYCO4 - JSC,Firecrawl,http://fiinpro.com/News/Detail/11518116?lang=en-US,step4_fallback_en,"""HYCO4 - JSC""",TL4: Consolidated Financial Statements in Quarter 2/2025 ... - FiinPro,"HYCO4 - JSC (UPCOM) publishes Consolidated Financial Statements in Quarter 2/2025 with result as follows: - Revenue: 11.45 billion dong, up 22.00% YoY. - Net ..."
HYCO4 - JSC,Firecrawl,https://m.facebook.com/hyco4building/photos/d41d8cd9/122167756838789863/,step4_fallback_en,"""HYCO4 - JSC""",Hyco4 Building - Hyco4 Building added a new photo. - Facebook,May be an image of text that says 'HYC04 BUILDING HYCO4- JSC Thông báo · Ngoc Quyen and 3 others · 󰍸. 4 · 󰤦. Related Pages. Triệu Lệ Dĩnh Zhao Li Ying DHT.
HYCO4 - JSC,Firecrawl,http://www.thuyloi4.com.vn/,step4_fallback_en,"""HYCO4 - JSC""",Tổng công ty Xây Dựng Thủy Lợi 4 - CTCP,"Giới thiệu. TỔNG CÔNG TY XÂY DỰNG THUỶ LỢI 4 – CTCP HYDRAULIC CONSTRUCTION CORPORATION No.4 JOINT STOCK COMPANY HYCO4 - JSC Địa chỉ: 205A Nguyễn Xí, Phường ..."
HYCO4 - JSC,Firecrawl,https://vnr500.vn/Thong-tin-doanh-nghiep/TONG-CONG-TY-XAY-DUNG-THUY-LOI-4--CTCP-Chart--488-2011.html,step4_fallback_en,"""HYCO4 - JSC""",TỔNG CÔNG TY XÂY DỰNG THUỶ LỢI 4 - CTCP - VNR500,Tên tiếng Anh: HYDRAULIC CONSTRUCTION CORPORATION NO.4 JSC HYCO4 - JSC ; Xếp hạng VNR500: 462(B1/2011) ; Mã số thuế: 0300546537 ; Mã chứng khoán: Chưa niêm yết.
HYCO4 - JSC,Firecrawl,https://en.nbd.ltd/trader/info/UXH184753180,step4_fallback_en,"""HYCO4 - JSC""","THIPDALA TRADING EXPORT- IMPORT SOLE CO.,LTD - NBD.ltd","... HYCO4 - JSC MORE. THIPDALA TRADING EXPORT- IMPORT SOLE CO.,LTD was included in the global trader database of NBD Trade Data on 2023-07-06. It is the first ..."
HYCO4 - JSC,Firecrawl,https://www.bsc.com.vn/en/shareholder-relations/,step4_fallback_en,"""HYCO4 - JSC""",Shareholder Relations - BSC,... Kuang Industrial. Return. N/A. TL4•HYCO4 - JSC. Return. N/A. TLD•Thang Long Deco. Return. N/A. TLG•Thien Long Group. Return. N/A. TLH•Tien Len Steel. Return. N/ ...
HYCO4 - JSC,Firecrawl,https://www.cophieu68.vn/quote/profile.php?id=tl4,step4_fallback_en,"""HYCO4 - JSC""",Tổng Công ty cổ phần Xây dựng Thủy Lợi 4 (tl4) - Cophieu68.vn,"THÔNG TIN CÔNG TY ; Mã CK, TL4 ; Giá hiện tại, 11.9000 ; Tên công ty, Tổng Công ty cổ phần Xây dựng Thủy Lợi 4 (Hyco4 – Jsc.) ; Tên giao dịch, Hydraulics ..."
HYCO4 - JSC,Firecrawl,https://vnr500.vn/Thong-tin-doanh-nghiep/TONG-CONG-TY-XAY-DUNG-THUY-LOI-4--CTCP-Chart--488-2011.html,step4_fallback_en,"""HYCO4 - JSC""",TỔNG CÔNG TY XÂY DỰNG THUỶ LỢI 4 - CTCP - VNR500,Tên tiếng Anh: HYDRAULIC CONSTRUCTION CORPORATION NO.4 JSC HYCO4 - JSC ; Xếp hạng VNR500: 462(B1/2011) ; Mã số thuế: 0300546537 ; Mã chứng khoán: Chưa niêm yết.
HYCO4 - JSC,Firecrawl,http://www.thuyloi4.com.vn/gioi-thieu1/gioi-thieu-chung.html,step4_fallback_en,"""HYCO4 - JSC""",Giới thiệu chung - Thuy Loi,"Tổng Công Ty Xây Dựng Thủy Lợi 4 CTCP. HYDRAULICS CONSTRUCTION CORPORATION No.4 JOINT STOCK COMPANY HYCO4 - JSC Địa chỉ: 205A Nguyễn Xí, Phường 26, Quận Bình ..."
HYCO4 - JSC,Firecrawl,https://www.trademo.com/manufacturers/hscode/850163/83,step4_fallback_en,"""HYCO4 - JSC""",HS Code 850163 Manufacturers & Suppliers - Page 83 | Trademo,"hyco4 jsc-vietnam. company-profile. 205a nguyen xi, ward 26, binh thanh district, ho chi minh city. Shipment Count - 1. hyplas machinery co ltd-taiwan. company ..."
HYCO4 - JSC,Firecrawl,https://thuvienphapluat.vn/ma-so-thue/tong-cong-ty-xay-dung-thuy-loi-4ctcp-mst-0300546537.html,step4_fallback_en,"""HYCO4 - JSC""",0300546537 - TỔNG CÔNG TY XÂY DỰNG THỦY LỢI 4-CTCP,Tên quốc tế: HYCO4 - JSC ; Tên viết tắt: HYCO4 - JSC ; Mã số thuế: 0300546537 ; Loại hình pháp lý: Công ty cổ phần ; Ngày cấp: 19/08/1998.
HYCO4 - JSC,Firecrawl,https://www.cophieu68.vn/quote/profile.php?id=tl4,step4_fallback_en,"""HYCO4 - JSC""",Tổng Công ty cổ phần Xây dựng Thủy Lợi 4 (tl4) - Cophieu68.vn,"THÔNG TIN CÔNG TY ; Mã CK, TL4 ; Giá hiện tại, 11.9000 ; Tên công ty, Tổng Công ty cổ phần Xây dựng Thủy Lợi 4 (Hyco4 – Jsc.) ; Tên giao dịch, Hydraulics ..."
HYCO4 - JSC,Firecrawl,https://www.viet-kabu.com/data/outline.php?id=TL4,step4_fallback_en,"""HYCO4 - JSC""",[TL4] 第4灌漑建設 基本情報 - Viet-kabu.com,"HYCO4 – JSC. 会社名（日本語）, 第4灌漑建設. 住所, 205A Nguyen Xi, Phuong 26, Quan Binh Thanh, Thanh pho Ho Chi Minh. TEL, (84-8) 3899 3850. FAX, (84-8) 3899 3851."
HYCO4 - JSC,Firecrawl,https://fiingroup.vn/upload/FiinX/FiinProX_DNNY_Phannganh_09.2024.xlsx,step4_fallback_en,"""HYCO4 - JSC""",[XLS] Danh_sach_VN - Fiin Group,"HYCO4 - JSC, UPCoM, Industrials, Construction & Materials, Construction & Materials, Heavy Construction, Heavy Construction, 111.1667005. 1387, 1378, ACE, An ..."
HYCO4 - JSC,Firecrawl,https://www.volza.com/company-profile/nam-mo-2-hydro-power-co-ltd-43540484/,step4_fallback_en,"""HYCO4 - JSC""","Nam Mo 2 Hydro Power Co. Ltd., VIENTIANE, Laos - Volza","Hyco4 Jsc · Song Da No 10.9 Joint Stock Company. These insights allow importers and category managers to quickly assess supplier performance, spot logistics ..."
HYCO4 - JSC,Firecrawl,https://hungthinh.info/thi-cong-xay-dung/tong-cong-ty-xay-dung-thuy-loi-hyco4-177.html,step4_fallback_en,"""HYCO4 - JSC""",Tổng Công Ty Xây Dựng Thủy Lợi 4 - Hyco4 - hungthinh.info,"YDRAULICS CONSTRUCTION CORPORATION No.4 JOINT STOCK COMPANY HYCO4 - JSC. Địa chỉ: 205 Nguyễn Xí, Phường 26, Quận Bình Thạnh, TP. Hồ Chí Minh. Điện thoại: 08 ..."
HYCO4 - JSC,Firecrawl,https://cafef1.mediacdn.vn/download/080523/tl4-tai-lieu-hop-ai-hoi-dong-co-dong-0-471967.pdf,step4_fallback_en,"""HYCO4 - JSC""",[PDF] A TỔNG CÔNG TY XÂY DỰNG THỦY LỢI 4-CTCP,"HYCO4-JSC. CỘNG HÒA XÃ HỘI CHỦ NGHĨA VIỆT NAM. Độc lập - Tự do - Hạnh phúc. TP.HCM, ngày 04 tháng 5 năm 2023. BÁO CÁO CỦA TỔNG GIÁM ĐỐC. VỀ KẾT ..."
HYCO4 - JSC,Firecrawl,https://www.bsc.com.vn/en/covered-warrants-cw-trading/,step4_fallback_en,"""HYCO4 - JSC""",Covered Warrants (CW) Trading - BSC,... Kuang Industrial. Return. N/A. TL4•HYCO4 - JSC. Return. N/A. TLD•Thang Long Deco. Return. N/A. TLG•Thien Long Group. Return. N/A. TLH•Tien Len Steel. Return. N/ ...
HYCO4 - JSC,Firecrawl,https://ftp2.ssi.com.vn/Customers/Research/Market_Data/SSI_Daily_Market_Data_EN_20181002.xls,step4_fallback_en,"""HYCO4 - JSC""",[XLS] Summary - SSI,"HYCO4 - JSC, Construction & Materials, #VALUE! #N/A, #N/A, #N/A, #N/A, #N/A, #N/A, #N/A, #N/A, #N/A, #N/A, #N/A, #N/A, #N/A, #N/A, #N/A, #N/A, # ..."
HYCO4 - JSC,Firecrawl,https://nld.com.vn/nhip-song-cong-nghiep/hai-doanh-nghiep-dung-xkld-20110506093916349.htm,step4_fallback_en,"""HYCO4 - JSC""",Hai doanh nghiệp dừng XKLĐ - Báo Người Lao Động,"Theo ông Nguyễn Thanh Hòa, Thứ trưởng Bộ LĐ-TB-XH, VIC và Hyco4-JSC dừng hoạt động xuất khẩu lao động (XKLĐ) từ ngày 4-5."
HYCO4 - JSC,Firecrawl,https://owa.hnx.vn/ftp///cims/2022/11_W2/000000012038936_Bao_cao_TGD_ve_dieu_chinh_ke_hoach_sxkd.pdf,step4_fallback_en,"""HYCO4 - JSC""",[PDF] Untitled - HNX,"HYCO4-JSC. TỔNG CÔNG TY. XÂY DỰNG THỦY LỢI 4 – CTCP. CỘNG HÒA XÃ HỘI CHỦ NGHĨA VIỆT NAM. Độc lập - Tự do - Hạnh phúc. TP. Hồ Chí Minh, ngày 04 tháng 11 năm 2022."
HYCO4 - JSC,Firecrawl,https://cdn.24hmoney.vn/medialib/Crawler/2021/2021-04/2021-04-28/000000010402113_tai_lieu_dai_hoi_co_dong_2021.pdf,step4_fallback_en,"""HYCO4 - JSC""",[PDF] đại hội đồng cổ đông thường niên năm 2021 - 24HMoney,"HYCO4-JSC. CHƯƠNG TRÌNH. ĐẠI HỘI ĐỒNG CỔ ĐÔNG THƯỜNG NIÊN NĂM 2021. Thời gian: 8h30 đến 11h00 ngày 22/4/2021. Địa điểm: Lầu 11 - 205A Nguyễn Xí , P. 26, Quận ..."
HYCO4 - JSC,Firecrawl,https://masothue.com/0300546537-tong-cong-ty-xay-dung-thuy-loi-4-ctcp,step4_fallback_en,"""HYCO4 - JSC""",0300546537 - TỔNG CÔNG TY XÂY DỰNG THỦY LỢI 4-CTCP,"0300546537 - TỔNG CÔNG TY XÂY DỰNG THỦY LỢI 4-CTCP ; Tên quốc tế, Hydraulics Construction corporation No.4 - joint stock company ; Tên viết tắt, Hyco4 - jsc."
HYCO4 - JSC,Firecrawl,https://luatvietnam.vn/lao-dong/quyet-dinh-532-qd-ldtbxh-bo-lao-dong-thuong-binh-va-xa-hoi-61382-d1.html,step4_fallback_en,"""HYCO4 - JSC""",Quyết định 532/QĐ-LĐTBXH ban hành ngày 04/05/2011,Điều 1. ... Điều 2. Tổng Công ty Xây dựng thủy lợi 4 - CTCP (HYCO4 - JSC) phải thực hiện các trách nhiệm theo quy định tại Điều 24 Luật Người lao ...
HYCO4 - JSC,Firecrawl,https://www.scribd.com/document/875410999/Catalogue-2025-Vie-Final-2-44-Trang-1,step4_fallback_en,"""HYCO4 - JSC""",Catalogue 2025-Vie Final 2 - 44 Trang | PDF - Scribd,Thủy Lợi 4 – CTCP (HYCO4-JSC). • Trạm 250m3/h lắp đặt tại Thuỷ điện Sông Tranh 2 - Chủ đầu tư: tổng công ty Xây Dựng Thủy Lợi 4 – CTCP (HYCO4-JSC). • Trạm ...
HYCO4 - JSC,Firecrawl,https://finance.vietstock.vn/TL4-tong-cong-ty-cp-xay-dung-thuy-loi-4.htm,step4_fallback_en,"""HYCO4 - JSC""",TL4: Tổng Công ty cổ phần Xây dựng Thủy Lợi 4 - CTCP - HYCO4,"TL4: Tin tức và dữ liệu Tổng Công ty cổ phần Xây dựng Thủy Lợi 4 - CTCP (HYCO4 – JSC): 05/05/2026 - 11900 đồng, giá realtime, giao dịch, tài chính, tin tức ..."
HYCO4 - JSC,Firecrawl,https://dauthau.net/vi/dn/TONG-CONG-TY-XAY-DUNG-THUY-LOI-4-CTCP/,step4_fallback_en,"""HYCO4 - JSC""",TỔNG CÔNG TY XÂY DỰNG THỦY LỢI 4-CTCP - DauThau.Net,Hyco4 - jsc. Hydraulics Construction corporation No.4 - joint stock company. Danh sách thành viên. Xác nhận là chủ sở hữu. Vui lòng Đăng nhập để yêu cầu hệ ...
HYCO4 - JSC,Firecrawl,https://giaxaydung.vn/attachments/bctuan_tav-pdf.19562/,step4_fallback_en,"""HYCO4 - JSC""",[PDF] Thuỷ điện Sông Bung 4A Kính gửi: Lãnh đạo Trun - giaxaydung.vn,Đơn vị Hyco4-JSC. khối lượng. TT. Nội dung công việc đơn vị. Thiết kế. Luỹ kế KL. Thực hiện. Đánh giá. % ghi chú. 1 Đào hố móng vai phải .+ Đào ...
HYCO4 - JSC,Firecrawl,https://caselaw.vn/van-ban-phap-luat/190970-quyet-dinh-so-532-qd-ldtbxh-ngay-04-05-2011-cua-bo-truong-bo-lao-dong-thuong-binh-va-xa-hoi-ve-thu-hoi-giay-phep-hoat-dong-dich-vu-dua-nguoi-lao-dong-di-lam-viec-o-nuoc-ngoai,step4_fallback_en,"""HYCO4 - JSC""",Quyết định 532/QĐ-LĐTBXH Thu hồi giấy phép hoạt động XKLĐ,Điều 2. Tổng Công ty Xây dựng thủy lợi 4 - CTCP (HYCO4 - JSC) phải thực hiện các trách nhiệm theo quy định tại Điều 24 Luật Người lao động Việt ...
HYCO4 - JSC,Firecrawl,http://www.thuyloi4.com.vn/gioi-thieu1/gioi-thieu-chung/65-tong-cong-ty-xay-dung-thuy-loi-4.html,step4_fallback_en,"""HYCO4 - JSC""",Tổng Công Ty Xây Dựng Thủy Lợi 4 CTCP - Hồ Chí Minh - Thuy Loi,"HYDRAULICS CONSTRUCTION CORPORATION No.4 JOINT STOCK COMPANY HYCO4 - JSC Địa chỉ: 205A Nguyễn Xí, Phường 26, Quận Bình Thạnh, TP. Hồ Chí Minh."
HYCO4 - JSC,Firecrawl,https://www.trademo.com/companies/thipdala-trading-exporters-importers-sole-company-limited/40169079,step4_fallback_en,"""HYCO4 - JSC""",Supply Chain Data Of Thipdala Trading Export Import Sole Co Ltd ...,"Import and Export shipments of ""thipdala trading export import sole co ltd"" ; thipdala trading export import sole co ltd · hyco4 jsc. 732690 ; thipdala trading ..."
HYCO4 - JSC,Firecrawl,https://cafef1.mediacdn.vn/download/221223/tl4-thay-doi-giay-dang-ky-kinh-doanh-0-495876.PDF,step4_fallback_en,"""HYCO4 - JSC""",[PDF] A TỔNG CÔNG TY XÂY DỰNG THỦY LỢI 4-CTCP,"Tên công ty viết tắt: Hyco4 - jsc. 2. Địa chỉ trụ sở chính. 205A Nguyễn Xí, Phường 26, Quận Bình Thạnh, Thành phố Hồ Chí Minh, Việt Nam. Điện ..."
HYCO4 - JSC,Firecrawl,https://www.facebook.com/hyco4building/photos/-happy-new-year-2026-m%E1%BB%99t-n%C4%83m-m%E1%BB%9Bi-l%E1%BA%A1i-%C4%91%E1%BA%BFn-mang-theo-th%E1%BA%ADt-nhi%E1%BB%81u-n%C4%83ng-l%C6%B0%E1%BB%A3ng-v%C3%A0-nh%E1%BB%AFn/122175548954789863/,step4_fallback_en,"""HYCO4 - JSC""","Hyco4 - HAPPY NEW YEAR 2026 Một năm mới lại đến, mang theo ...",... phá trong năm 2026. Trân trọng thông báo. May be an image of text that says 'HYC04 BUILDING HYCO4- JSC Thông báo · Ngoc Quyen and 3 others · 󰍸. 4 · 󰤦.
HYCO4 - JSC,Firecrawl,https://www.bsc.com.vn/en/trading-session-on-the-market/,step4_fallback_en,"""HYCO4 - JSC""",General Trading Regulations - BSC,... Kuang Industrial. Return. N/A. TL4•HYCO4 - JSC. Return. N/A. TLD•Thang Long Deco. Return. N/A. TLG•Thien Long Group. Return. N/A. TLH•Tien Len Steel. Return. N/ ...
HYCO4 - JSC,Firecrawl,https://thuvienphapluat.vn/van-ban/Doanh-nghiep/Quyet-dinh-1020-QD-TTg-phe-duyet-Phuong-an-co-phan-hoa-Tong-cong-ty-Xay-dung-thuy-loi-4-69026.aspx,step4_fallback_en,"""HYCO4 - JSC""",Quyết định 1020/QĐ-TTg phê duyệt Phương án cổ phần hóa Tổng ...,"Tên viết tắt: HYCO4 – JSC. 2. Trụ sở chính: số 205 đường Nguyễn Xí, phường 26, quận Bình Thạnh, thành phố Hồ Chí Minh. 3. Tổng công ty Xây ..."
HYCO4 - JSC,Firecrawl,https://finance.vietstock.vn/tl4/2/subsidiaries-and-associates.htm?languageid=1,step4_fallback_en,"""HYCO4 - JSC""",TL4: Tổng Công ty cổ phần Xây dựng Thủy Lợi 4 - CTCP - HYCO4,"Tổng Công ty Xây dựng Thủy lợi 4 - CTCP tiền thân là Tổng Công ty Xây dựng 4, qua 30 năm xây dựng và trưởng thành, Tổng Công ty đã và đang không ngừng phát ..."
HYCO4 - JSC,Firecrawl,https://www.facebook.com/hyco4building/posts/-ch%C3%BAc-m%E1%BB%ABng-s%E1%BB%B1-ki%E1%BB%87n-tinh-hoa-%E1%BA%A9m-th%E1%BB%B1c-truy%E1%BB%81n-th%E1%BB%91ng-%C4%91%C3%A3-di%E1%BB%85n-ra-th%C3%A0nh-c%C3%B4ng-t%E1%BB%91t-%C4%91%E1%BA%B9phy/122173664726789863/,step4_fallback_en,"""HYCO4 - JSC""",Chúc mừng sự kiện “Tinh hoa Ẩm thực Truyền thống” đã diễn ra ...,Chúc mừng sự kiện “Tinh hoa Ẩm thực Truyền thống” đã diễn ra thành công tốt đẹp. HYCO4-JSC vinh dự là 01 trong 04 đơn vị thành viên của Somo Group...
HYCO4 - JSC,Firecrawl,http://www.thuyloi4.com.vn/quan-he-co-dong/thong-tin-chung.html,step4_fallback_en,"""HYCO4 - JSC""",Thông tin chung - Thuy Loi,"Giới thiệu. TỔNG CÔNG TY XÂY DỰNG THUỶ LỢI 4 – CTCP HYDRAULIC CONSTRUCTION CORPORATION No.4 JOINT STOCK COMPANY HYCO4 - JSC Địa chỉ: 205A Nguyễn Xí, Phường ..."
HYCO4 - JSC,Firecrawl,https://m.thuvienphapluat.vn/details/69026/content?tab=3&e=1,step4_fallback_en,"""HYCO4 - JSC""",Quyết định 1020/QĐ-TTg năm 2008 về việc phê duyệt Phương án ...,"Hydraulics Construction Corporation N0.4 – joint stock Company. Tên viết tắt: HYCO4 – JSC. 2. Trụ sở chính: số 205 đường Nguyễn Xí, ..."
HYCO4 - JSC,Firecrawl,http://www.thuyloi4.com.vn/linh-vuc-hoat-dong/tu-van-thiet-ke.html,step4_fallback_en,"""HYCO4 - JSC""",Tư vấn thiết kế - Thuy Loi,"Giới thiệu. TỔNG CÔNG TY XÂY DỰNG THUỶ LỢI 4 – CTCP HYDRAULIC CONSTRUCTION CORPORATION No.4 JOINT STOCK COMPANY HYCO4 - JSC Địa chỉ: 205A Nguyễn Xí, Phường ..."
HYCO4 - JSC,Firecrawl,https://finance.vietstock.vn/tl4/tai-tai-lieu.htm,step4_fallback_en,"""HYCO4 - JSC""",TL4: Tổng Công ty cổ phần Xây dựng Thủy Lợi 4 - CTCP - Tải tài liệu,Hydraulics Construction Corporation No.4 - Joint Stock Company · Công nghiệp · / Hàng hóa công nghiệp.
HYCO4 - JSC,Firecrawl,https://www.bsc.com.vn/en/stock-trading-guide-underlying-securities-trading/,step4_fallback_en,"""HYCO4 - JSC""",Underlying Securities Trading - BSC,... Kuang Industrial. Return. N/A. TL4•HYCO4 - JSC. Return. N/A. TLD•Thang Long Deco. Return. N/A. TLG•Thien Long Group. Return. N/A. TLH•Tien Len Steel. Return. N/ ...
HYCO4 - JSC,Firecrawl,http://www.thuyloi4.com.vn/quan-he-co-dong/ket-qua-hoat-dong.html,step4_fallback_en,"""HYCO4 - JSC""",Kết quả hoạt động - Thuy Loi,"Giới thiệu. TỔNG CÔNG TY XÂY DỰNG THUỶ LỢI 4 – CTCP HYDRAULIC CONSTRUCTION CORPORATION No.4 JOINT STOCK COMPANY HYCO4 - JSC Địa chỉ: 205A Nguyễn Xí, Phường ..."
HYCO4 - JSC,Firecrawl,https://www.facebook.com/giangho2016/,step4_fallback_en,"""HYCO4 - JSC""","Le Xuan Giang (@giangho2016) • Facebook, Connect with friends",󱚸. Worked at Thôn đa nguyên văn hóa. 󱚸. Worked at Hyco4-JSC. 󱚸. Worked at CNMT. 󱜧. Studied at Hydraulic Engineer. 󱜧. Studied at Ha noi Water Resources ...
HYCO4 - JSC,Firecrawl,https://www.bsc.com.vn/en/mergers-and-acquisitions-ma-consulting/,step4_fallback_en,"""HYCO4 - JSC""",Mergers and Acquisitions (M&A) - Investment Banking - BSC,... Kuang Industrial. Return. N/A. TL4•HYCO4 - JSC. Return. N/A. TLD•Thang Long Deco. Return. N/A. TLG•Thien Long Group. Return. N/A. TLH•Tien Len Steel. Return. N/ ...
HYCO4 - JSC,Firecrawl,http://www.thuyloi4.com.vn/thiet-bi-xe-may.html,step4_fallback_en,"""HYCO4 - JSC""",Thiết bị xe máy - Thuy Loi,"Giới thiệu. TỔNG CÔNG TY XÂY DỰNG THUỶ LỢI 4 – CTCP HYDRAULIC CONSTRUCTION CORPORATION No.4 JOINT STOCK COMPANY HYCO4 - JSC Địa chỉ: 205A Nguyễn Xí, Phường ..."
HYCO4 - JSC,Firecrawl,https://finance.vietstock.vn/tl4/so-sanh-gia-co-phieu-cung-nganh.htm,step4_fallback_en,"""HYCO4 - JSC""",TL4: Tổng Công ty cổ phần Xây dựng Thủy Lợi 4 - CTCP - HYCO4,"TL4: Tin tức và dữ liệu Tổng Công ty cổ phần Xây dựng Thủy Lợi 4 - CTCP (HYCO4 – JSC): 22/04/2026 - 11900 đồng, giá realtime, giao dịch, tài chính, tin tức, ..."
HYCO4 - JSC,Firecrawl,https://www.bsc.com.vn/en/mtrader-2/,step4_fallback_en,"""HYCO4 - JSC""",MTrader - BSC,... Kuang Industrial. Return. N/A. TL4•HYCO4 - JSC. Return. N/A. TLD•Thang Long Deco. Return. N/A. TLG•Thien Long Group. Return. N/A. TLH•Tien Len Steel. Return. N/ ...
HYCO4 - JSC,Firecrawl,http://www.thuyloi4.com.vn/lien-he.html,step4_fallback_en,"""HYCO4 - JSC""",Liên hệ - Thuy Loi,"Giới thiệu. TỔNG CÔNG TY XÂY DỰNG THUỶ LỢI 4 – CTCP HYDRAULIC CONSTRUCTION CORPORATION No.4 JOINT STOCK COMPANY HYCO4 - JSC Địa chỉ: 205A Nguyễn Xí, Phường ..."
HYCO4 - JSC,Firecrawl,https://www.bsc.com.vn/en/margin-trading/,step4_fallback_en,"""HYCO4 - JSC""",Margin Trading - BSC,... Kuang Industrial. Return. N/A. TL4•HYCO4 - JSC. Return. N/A. TLD•Thang Long Deco. Return. N/A. TLG•Thien Long Group. Return. N/A. TLH•Tien Len Steel. Return. N/ ...
HYCO4 - JSC,Firecrawl,http://www.thuyloi4.com.vn/van-ban-phap-ly.html,step4_fallback_en,"""HYCO4 - JSC""",Văn bản pháp lý - Thuy Loi,"Giới thiệu. TỔNG CÔNG TY XÂY DỰNG THUỶ LỢI 4 – CTCP HYDRAULIC CONSTRUCTION CORPORATION No.4 JOINT STOCK COMPANY HYCO4 - JSC Địa chỉ: 205A Nguyễn Xí, Phường ..."
HYCO4 - JSC,Firecrawl,https://www.bsc.com.vn/en/derivatives-securities-trading/,step4_fallback_en,"""HYCO4 - JSC""",Derivatives Securities Trading - BSC,... Kuang Industrial. Return. N/A. TL4•HYCO4 - JSC. Return. N/A. TLD•Thang Long Deco. Return. N/A. TLG•Thien Long Group. Return. N/A. TLH•Tien Len Steel. Return. N/ ...
HYCO4 - JSC,Firecrawl,http://www.thuyloi4.com.vn/quan-he-co-dong.html,step4_fallback_en,"""HYCO4 - JSC""",Quan hệ cổ đông - Thuy Loi,"Giới thiệu. TỔNG CÔNG TY XÂY DỰNG THUỶ LỢI 4 – CTCP HYDRAULIC CONSTRUCTION CORPORATION No.4 JOINT STOCK COMPANY HYCO4 - JSC Địa chỉ: 205A Nguyễn Xí, Phường ..."
HYCO4 - JSC,Firecrawl,https://finance.vietstock.vn/TL4/tai-chinh.htm?languageid=1,step4_fallback_en,"""HYCO4 - JSC""",TL4: Tổng Công ty cổ phần Xây dựng Thủy Lợi 4 - CTCP - Tài chính,Hydraulics Construction Corporation No.4 - Joint Stock Company · Công nghiệp · / Hàng hóa công nghiệp.
HYCO4 - JSC,Firecrawl,https://www.bsc.com.vn/en/securities-depository/,step4_fallback_en,"""HYCO4 - JSC""",Securities Depository - BSC,... Kuang Industrial. Return. N/A. TL4•HYCO4 - JSC. Return. N/A. TLD•Thang Long Deco. Return. N/A. TLG•Thien Long Group. Return. N/A. TLH•Tien Len Steel. Return. N/ ...
HYCO4 - JSC,Firecrawl,http://www.thuyloi4.com.vn/linh-vuc-hoat-dong/xuat-khau-lao-dong-a-xnk.html,step4_fallback_en,"""HYCO4 - JSC""",Xuất khẩu lao động & XNK - Thuy Loi,"Giới thiệu. TỔNG CÔNG TY XÂY DỰNG THUỶ LỢI 4 – CTCP HYDRAULIC CONSTRUCTION CORPORATION No.4 JOINT STOCK COMPANY HYCO4 - JSC Địa chỉ: 205A Nguyễn Xí, Phường ..."
HYCO4 - JSC,Firecrawl,https://finance.vietstock.vn/TL4/ket-qua-ke-hoach-kinh-doanh.htm,step4_fallback_en,"""HYCO4 - JSC""",TL4: Tổng Công ty cổ phần Xây dựng Thủy Lợi 4 - CTCP - HYCO4,"TL4: Tin tức và dữ liệu Tổng Công ty cổ phần Xây dựng Thủy Lợi 4 - CTCP (HYCO4 – JSC): 26/04/2026 - 11900 đồng, giá realtime, giao dịch, tài chính, tin tức, ..."
HYCO4 - JSC,Firecrawl,https://www.bsc.com.vn/en/derivatives-trading/,step4_fallback_en,"""HYCO4 - JSC""",Derivatives Trading - BSC,... Kuang Industrial. Return. N/A. TL4•HYCO4 - JSC. Return. N/A. TLD•Thang Long Deco. Return. N/A. TLG•Thien Long Group. Return. N/A. TLH•Tien Len Steel. Return. N/ ...
HYCO4 - JSC,Firecrawl,http://www.thuyloi4.com.vn/thiet-bi-xe-may/thiet-bi-xe-may-cho-thue.html,step4_fallback_en,"""HYCO4 - JSC""",Thiết bị xe máy cho thuê - Thuy Loi,"Giới thiệu. TỔNG CÔNG TY XÂY DỰNG THUỶ LỢI 4 – CTCP HYDRAULIC CONSTRUCTION CORPORATION No.4 JOINT STOCK COMPANY HYCO4 - JSC Địa chỉ: 205A Nguyễn Xí, Phường ..."
HYCO4 - JSC,Firecrawl,https://finance.vietstock.vn/TL4/co-dong-lon.htm,step4_fallback_en,"""HYCO4 - JSC""",TL4: Tổng Công ty cổ phần Xây dựng Thủy Lợi 4 - CTCP - HYCO4,"TL4: Tin tức và dữ liệu Tổng Công ty cổ phần Xây dựng Thủy Lợi 4 - CTCP (HYCO4 – JSC): 09/04/2026 - 11900 đồng, giá realtime, giao dịch, tài chính, tin tức, ..."
HYCO4 - JSC,Firecrawl,https://www.bsc.com.vn/en/open-trading-account/,step4_fallback_en,"""HYCO4 - JSC""",Open Trading Account - BSC,... Kuang Industrial. Return. N/A. TL4•HYCO4 - JSC. Return. N/A. TLD•Thang Long Deco. Return. N/A. TLG•Thien Long Group. Return. N/A. TLH•Tien Len Steel. Return. N/ ...
HYCO4 - JSC,Firecrawl,http://www.thuyloi4.com.vn/linh-vuc-hoat-dong/xay-lap.html,step4_fallback_en,"""HYCO4 - JSC""",Xây lắp - Thuy Loi,"Giới thiệu. TỔNG CÔNG TY XÂY DỰNG THUỶ LỢI 4 – CTCP HYDRAULIC CONSTRUCTION CORPORATION No.4 JOINT STOCK COMPANY HYCO4 - JSC Địa chỉ: 205A Nguyễn Xí, ..."
HYCO4 - JSC,Firecrawl,https://finance.vietstock.vn/tl4/thong-ke-giao-dich.htm?languageid=1&grid=invest,step4_fallback_en,"""HYCO4 - JSC""",Tổng Công ty cổ phần Xây dựng Thủy Lợi 4 - CTCP (UPCoM: TL4),"TL4: Phân tích giao dịch: khớp lệnh theo lô, lịch sử giao dịch (khớp lệnh, thỏa thuận, nước ngoài), phân tích biến động giá và khối lượng, thống kê theo ..."
HYCO4 - JSC,Firecrawl,http://www.thuyloi4.com.vn/linh-vuc-hoat-dong/kinh-doanh-bat-dong-san.html,step4_fallback_en,"""HYCO4 - JSC""",Kinh doanh bất động sản - Thuy Loi,"Giới thiệu. TỔNG CÔNG TY XÂY DỰNG THUỶ LỢI 4 – CTCP HYDRAULIC CONSTRUCTION CORPORATION No.4 JOINT STOCK COMPANY HYCO4 - JSC Địa chỉ: 205A Nguyễn Xí, Phường ..."
HYCO4 - JSC,Firecrawl,https://www.bsc.com.vn/en/bao-cao/15287-bsc-brief-06-05-vn30-stocks-advanced-broadly-across-the-board/,step4_fallback_en,"""HYCO4 - JSC""",BSC Brief | 06.05: VN30 stocks advanced broadly across the board,TL4•HYCO4 - JSC. Return. N/A. TLD•Thang Long Deco. Return. N/A. TLG•Thien Long Group. Return. N/A. TLH•Tien Len Steel. Return. N/A. TLP•Thanh Le ...
HYCO4 - JSC,Firecrawl,https://www.bsc.com.vn/en/investment-recommendation/,step4_fallback_en,"""HYCO4 - JSC""",Investment Recommendation - BSC,... Return. N/A. TL4•HYCO4 - JSC. Return. N/A. TLD•Thang Long Deco. Return. N/A. TLG•Thien Long Group. Return. N/A. TLH•Tien Len Steel. Return. N/A. TLP•Thanh Le ...
HYCO4 - JSC,Firecrawl,http://www.thuyloi4.com.vn/nhan-su-tuyen-dung.html,step4_fallback_en,"""HYCO4 - JSC""",Tuyển dụng - Thuy Loi,"Giới thiệu. TỔNG CÔNG TY XÂY DỰNG THUỶ LỢI 4 – CTCP HYDRAULIC CONSTRUCTION CORPORATION No.4 JOINT STOCK COMPANY HYCO4 - JSC Địa chỉ: 205A Nguyễn Xí, Phường ..."
HYCO4 - JSC,Firecrawl,https://finance.vietstock.vn/TL4/tin-moi-nhat.htm?languageid=1,step4_fallback_en,"""HYCO4 - JSC""",Tổng Công ty cổ phần Xây dựng Thủy Lợi 4 - CTCP (UPCoM: TL4),"TL4: Tin tức và dữ liệu Tổng Công ty cổ phần Xây dựng Thủy Lợi 4 - CTCP (HYCO4 – JSC): 09/04/2026 - 11900 đồng, giá realtime, giao dịch, tài chính, tin tức, ..."
HYCO4 - JSC,Firecrawl,https://www.bsc.com.vn/en/investment-recommendation/,step4_fallback_en,"""HYCO4 - JSC""",Investment Recommendation - BSC,... Return. N/A. TL4•HYCO4 - JSC. Return. N/A. TLD•Thang Long Deco. Return. N/A. TLG•Thien Long Group. Return. N/A. TLH•Tien Len Steel. Return. N/A. TLP•Thanh Le ...
HYCO4 - JSC,Firecrawl,https://finance.vietstock.vn/tl4/thong-ke-giao-dich.htm,step4_fallback_en,"""HYCO4 - JSC""",TL4: Tổng Công ty cổ phần Xây dựng Thủy Lợi 4 - Thống kê giao dịch,"11,200 ; Biến động giá-1,900( ; Cao nhất 13,100VNĐ ( ; Thấp nhất 11,200VNĐ ( ; KLGD nhiều nhất300cp ( ; KLGD ít nhất300cp ( ..."
HYCO4 - JSC,Firecrawl,https://www.bsc.com.vn/en/advance-payment-for-securities-sales/,step4_fallback_en,"""HYCO4 - JSC""",Advance Payment for Securities Sales - BSC,... Kuang Industrial. Return. N/A. TL4•HYCO4 - JSC. Return. N/A. TLD•Thang Long Deco. Return. N/A. TLG•Thien Long Group. Return. N/A. TLH•Tien Len Steel. Return. N/ ...
HYCO4 - JSC,Firecrawl,https://www.bsc.com.vn/en/customer-service-center/,step4_fallback_en,"""HYCO4 - JSC""",Customer Service Center - BSC,... Kuang Industrial. Return. N/A. TL4•HYCO4 - JSC. Return. N/A. TLD•Thang Long Deco. Return. N/A. TLG•Thien Long Group. Return. N/A. TLH•Tien Len Steel. Return. N/ ...
HYCO4 - JSC,Firecrawl,https://finance.vietstock.vn/TL4/latest-news.htm,step4_fallback_en,"""HYCO4 - JSC""",TL4: Tổng Công ty cổ phần Xây dựng Thủy Lợi 4 - CTCP - HYCO4,"TL4: Tin tức và dữ liệu Tổng Công ty cổ phần Xây dựng Thủy Lợi 4 - CTCP (HYCO4 – JSC): 11/05/2026 - 11900 đồng, giá realtime, giao dịch, tài chính, tin tức, ..."
HYCO4 - JSC,Firecrawl,https://www.bsc.com.vn/en/corporate-finance-consulting/,step4_fallback_en,"""HYCO4 - JSC""",Corporate Finance Consulting - BSC,... Kuang Industrial. Return. N/A. TL4•HYCO4 - JSC. Return. N/A. TLD•Thang Long Deco. Return. N/A. TLG•Thien Long Group. Return. N/A. TLH•Tien Len Steel. Return. N/ ...
HYCO4 - JSC,Firecrawl,https://finance.vietstock.vn/lanh-dao-doanh-nghiep/nguyen-dinh-quyen/32688.htm,step4_fallback_en,"""HYCO4 - JSC""",Nguyễn Đình Quyền - Hồ sơ lãnh đạo | VietstockFinance,Nguyễn Đình Quyền. Nguyễn Đình Quyền. Chức vụ: CTHĐQT/TV Ủy ban Kiểm toán. Tổng Công ty cổ phần Xây dựng Thủy Lợi 4 - CTCP - HYCO4 – JSC - (UPCOM: TL4). 1 cấp.
HYCO4 - JSC,Firecrawl,https://www.bsc.com.vn/en/company/overview/TL4/,step4_fallback_en,"""HYCO4 - JSC""",Stocks TL4 - BSC,Stock code details. HYCO4 - JSC. Recommendation. No. Analyst: -. Category: -. Ranking: Ranking C. BSC Stock Rating Model. The BSC Stock Rating Model is a ...
HYCO4 - JSC,Firecrawl,https://static2.vietstock.vn/vietstock/2022/4/30/2_tl4_2022_4_30_7edd067_dang_ky_dinh_doanh_thay_doi_lan_7_0001.pdf,step4_fallback_en,"""HYCO4 - JSC""",[PDF] giấy chứng nhận đăng ký doanh nghiệp công ty cổ phần - Vietstock,"Tên công ty viết tắt: Hyco4 - jsc. 2. Địa chỉ trụ sở chính. 2054 Nguyễn Xí, Phường 26, Quận Bình Thạnh, Thành phố Hồ Chí Minh, Việt Nam. Điện ..."
HYCO4 - JSC,Firecrawl,https://www.bsc.com.vn/en/advance-payment-for-securities-sales/,step4_fallback_en,"""HYCO4 - JSC""",Advance Payment for Securities Sales - BSC,... Kuang Industrial. Return. N/A. TL4•HYCO4 - JSC. Return. N/A. TLD•Thang Long Deco. Return. N/A. TLG•Thien Long Group. Return. N/A. TLH•Tien Len Steel. Return. N/ ...
HYCO4 - JSC,Firecrawl,https://finance.vietstock.vn/lanh-dao-doanh-nghiep/le-vu-hung/19069.htm,step4_fallback_en,"""HYCO4 - JSC""",Lê Vũ Hùng - Hồ sơ lãnh đạo | VietstockFinance,... Tổng Công ty cổ phần Xây dựng Thủy Lợi 4 - CTCP - HYCO4 – JSC - (UPCOM: TL4). 1 cấp. 2 cấp. 3 cấp. 4 cấp. 5 cấp. Lược bỏ MQH. Thông tin. PHẠM NHẬT VƯỢNG. 56 ...
HYCO4 - JSC,Firecrawl,https://www.bsc.com.vn/en/bsc-and-the-community/,step4_fallback_en,"""HYCO4 - JSC""",BSC and the community,... Kuang Industrial. Return. N/A. TL4•HYCO4 - JSC. Return. N/A. TLD•Thang Long Deco. Return. N/A. TLG•Thien Long Group. Return. N/A. TLH•Tien Len Steel. Return. N/ ...
HYCO4 - JSC,Firecrawl,https://www.bsc.com.vn/en/transaction-fee-through-the-exchange/,step4_fallback_en,"""HYCO4 - JSC""",Transaction fee through the exchange - BSC,... Kuang Industrial. Return. N/A. TL4•HYCO4 - JSC. Return. N/A. TLD•Thang Long Deco. Return. N/A. TLG•Thien Long Group. Return. N/A. TLH•Tien Len Steel. Return. N/ ...
HYCO4 - JSC,Firecrawl,https://finance.vietstock.vn/lanh-dao-doanh-nghiep/lam-thanh-cuong/37354.htm?languageid=2,step4_fallback_en,"""HYCO4 - JSC""",Lâm Thanh Cường - Leading profile | Vietstockfinance,Lâm Thanh Cường. Lâm Thanh Cường. Position: Hydraulics Construction Corporation No.4 - Joint Stock Company - HYCO4 – JSC - (UPCOM: TL4). 1 level. 2 level. 3 ...
HYCO4 - JSC,Firecrawl,https://www.bsc.com.vn/en/corporate-finance-consulting/,step4_fallback_en,"""HYCO4 - JSC""",Corporate Finance Consulting - BSC,... Kuang Industrial. Return. N/A. TL4•HYCO4 - JSC. Return. N/A. TLD•Thang Long Deco. Return. N/A. TLG•Thien Long Group. Return. N/A. TLH•Tien Len Steel. Return. N/ ...
HYCO4 - JSC,Firecrawl,https://finance.vietstock.vn/lanh-dao-doanh-nghiep/nguyen-anh-kiet/30447.htm?languageid=1,step4_fallback_en,"""HYCO4 - JSC""",Nguyễn Anh Kiệt - Hồ sơ lãnh đạo | VietstockFinance,Tổng Công ty cổ phần Xây dựng Thủy Lợi 4 - CTCP - HYCO4 – JSC - (UPCOM: TL4). 1 cấp. 2 cấp. 3 cấp. 4 cấp. 5 cấp. Lược bỏ MQH. Thông tin. PHẠM NHẬT VƯỢNG.
HYCO4 - JSC,Firecrawl,https://www.bsc.com.vn/en/investment-recommendation/,step4_fallback_en,"""HYCO4 - JSC""",Investment Recommendation - BSC,... Return. N/A. TL4•HYCO4 - JSC. Return. N/A. TLD•Thang Long Deco. Return. N/A. TLG•Thien Long Group. Return. N/A. TLH•Tien Len Steel. Return. N/A. TLP•Thanh Le ...
HYCO4 - JSC,Firecrawl,https://finance.vietstock.vn/lanh-dao-doanh-nghiep/le-quang-the/19064.htm,step4_fallback_en,"""HYCO4 - JSC""",Lê Quang Thế - Hồ sơ lãnh đạo | VietstockFinance,... Tổng Công ty cổ phần Xây dựng Thủy Lợi 4 - CTCP - HYCO4 – JSC - (UPCOM: TL4). 1 cấp. 2 cấp. 3 cấp. 4 cấp. 5 cấp. Lược bỏ MQH. Thông tin. PHẠM NHẬT VƯỢNG. 56 ...
HYCO4 - JSC,Firecrawl,https://www.bsc.com.vn/en/bsc-smart-invest-2/,step4_fallback_en,"""HYCO4 - JSC""",BSC Smart Invest-EN,... Kuang Industrial. Return. N/A. TL4•HYCO4 - JSC. Return. N/A. TLD•Thang Long Deco. Return. N/A. TLG•Thien Long Group. Return. N/A. TLH•Tien Len Steel. Return. N/ ...
HYCO4 - JSC,Firecrawl,https://www.bsc.com.vn/en/account-opening/,step4_fallback_en,"""HYCO4 - JSC""",Account Opening - BSC,... Kuang Industrial. Return. N/A. TL4•HYCO4 - JSC. Return. N/A. TLD•Thang Long Deco. Return. N/A. TLG•Thien Long Group. Return. N/A. TLH•Tien Len Steel. Return. N/ ...
HYCO4 - JSC,Firecrawl,https://finance.vietstock.vn/lanh-dao-doanh-nghiep/giap-thanh-minh/32693.htm,step4_fallback_en,"""HYCO4 - JSC""",Giáp Thanh Minh - Hồ sơ lãnh đạo | VietstockFinance,... Tổng Công ty cổ phần Xây dựng Thủy Lợi 4 - CTCP - HYCO4 – JSC - (UPCOM: TL4). 1 cấp. 2 cấp. 3 cấp. 4 cấp. 5 cấp. Lược bỏ MQH. Thông tin. PHẠM NHẬT VƯỢNG. 56 ...
HYCO4 - JSC,Firecrawl,https://www.bsc.com.vn/en/transaction-fee-through-the-exchange/,step4_fallback_en,"""HYCO4 - JSC""",Transaction fee through the exchange - BSC,... Kuang Industrial. Return. N/A. TL4•HYCO4 - JSC. Return. N/A. TLD•Thang Long Deco. Return. N/A. TLG•Thien Long Group. Return. N/A. TLH•Tien Len Steel. Return. N/ ...
HYCO4 - JSC,Firecrawl,https://finance.vietstock.vn/lanh-dao-doanh-nghiep/vo-duy-minh/19070.htm,step4_fallback_en,"""HYCO4 - JSC""",Võ Duy Minh - Hồ sơ lãnh đạo | VietstockFinance,Võ Duy Minh. Võ Duy Minh. Chức vụ: Phó TGĐ. Tổng Công ty cổ phần Xây dựng Thủy Lợi 4 - CTCP - HYCO4 – JSC - (UPCOM: TL4). 1 cấp. 2 cấp. 3 cấp. 4 cấp. 5 cấp.
HYCO4 - JSC,Firecrawl,https://www.bsc.com.vn/en/margin-trading-margin/,step4_fallback_en,"""HYCO4 - JSC""",Margin Trading (Margin) - BSC,... Kuang Industrial. Return. N/A. TL4•HYCO4 - JSC. Return. N/A. TLD•Thang Long Deco. Return. N/A. TLG•Thien Long Group. Return. N/A. TLH•Tien Len Steel. Return. N/ ...
HYCO4 - JSC,Firecrawl,https://finance.vietstock.vn/lanh-dao-doanh-nghiep/nguyen-thuy-ngoc/32690.htm?code=TL4,step4_fallback_en,"""HYCO4 - JSC""",Nguyễn Thúy Ngọc - Hồ sơ lãnh đạo | VietstockFinance,Nguyễn Thúy Ngọc. Nguyễn Thúy Ngọc. Chức vụ: KTT. Tổng Công ty cổ phần Xây dựng Thủy Lợi 4 - CTCP - HYCO4 – JSC - (UPCOM: TL4). 1 cấp. 2 cấp. 3 cấp. 4 cấp. 5 ...
HYCO4 - JSC,Firecrawl,https://www.bsc.com.vn/en/securities-brokerage/,step4_fallback_en,"""HYCO4 - JSC""",Securities Brokerage - BSC,... Kuang Industrial. Return. N/A. TL4•HYCO4 - JSC. Return. N/A. TLD•Thang Long Deco. Return. N/A. TLG•Thien Long Group. Return. N/A. TLH•Tien Len Steel. Return. N/ ...
HYCO4 - JSC,Firecrawl,https://finance.vietstock.vn/lanh-dao-doanh-nghiep/le-duy-thanh/24548.htm?code=TL4&languageid=1,step4_fallback_en,"""HYCO4 - JSC""",Lê Duy Thanh - Hồ sơ lãnh đạo | VietstockFinance,... Tổng Công ty cổ phần Xây dựng Thủy Lợi 4 - CTCP - HYCO4 – JSC - (UPCOM: TL4). 1 cấp. 2 cấp. 3 cấp. 4 cấp. 5 cấp. Lược bỏ MQH. Thông tin. PHẠM NHẬT VƯỢNG. 56 ...
HYCO4 - JSC,Firecrawl,https://www.bsc.com.vn/en/,step4_fallback_en,"""HYCO4 - JSC""",Công ty Cổ phần Chứng khoán BIDV - BSC,... Kuang Industrial. Return. N/A. TL4•HYCO4 - JSC. Return. N/A. TLD•Thang Long Deco. Return. N/A. TLG•Thien Long Group. Return. N/A. TLH•Tien Len Steel. Return. N/ ...
HYCO4 - JSC,Firecrawl,https://finance.vietstock.vn/lanh-dao-doanh-nghiep/le-vu-hung/19069.htm?languageid=2,step4_fallback_en,"""HYCO4 - JSC""",Lê Vũ Hùng - Leading profile | Vietstockfinance,... Corporation No.4 - Joint Stock Company - HYCO4 – JSC - (UPCOM: TL4). 1 level. 2 level. 3 level. 4 level. 5 level. Simplify graph. Show info. PHẠM NHẬT VƯỢNG. 56 ...
CÔNG TY TNHH AUDIENCE SERV,Firecrawl,https://www.topcv.vn/cong-ty/cong-ty-tnhh-audience-serv/107901.html,step4_fallback_en,"""CÔNG TY TNHH AUDIENCE SERV""",CÔNG TY TNHH AUDIENCE SERV - TopCV,"Công ty TNHH Audience Serv tại Việt Nam là một chi nhánh của Audience Serv GmbH – tổng công ty được thành lập vào năm 2008, có trụ sở tại Berlin với nhiều ..."
CÔNG TY TNHH AUDIENCE SERV,Firecrawl,https://masothue.com/0108449545-cong-ty-tnhh-audience-serv,step4_fallback_en,"""CÔNG TY TNHH AUDIENCE SERV""",0108449545 - CÔNG TY TNHH AUDIENCE SERV - MaSoThue,"CÔNG TY TNHH AUDIENCE SERV ⭐ tra cứu mã số thuế 0108449545 - Tầng 4, tòa M5- số 91 Nguyễn Chí Thanh, Phường Giảng Võ, Thành phố Hà Nội, Việt Nam."
CÔNG TY TNHH AUDIENCE SERV,Firecrawl,https://thuvienphapluat.vn/ma-so-thue/cong-ty-tnhh-audience-serv-mst-0108449545.html,step4_fallback_en,"""CÔNG TY TNHH AUDIENCE SERV""",CÔNG TY TNHH AUDIENCE SERV - Mã số thuế 0108449545,"CÔNG TY TNHH AUDIENCE SERV - Mã số thuế 0108449545 - Địa chỉ: Tầng 4, tòa M5- số 91 Nguyễn Chí Thanh, Phường Láng Hạ, Quận Đống đa, Thành phố Hà Nội, ..."
CÔNG TY TNHH AUDIENCE SERV,Firecrawl,https://careerviet.vn/vi/nha-tuyen-dung/cong-ty-tnhh-audience-serv.35A8AF3E.html,step4_fallback_en,"""CÔNG TY TNHH AUDIENCE SERV""",công ty tnhh audience serv - CareerViet,"CÔNG TY TNHH AUDIENCE SERV. Địa điểm. Tầng 4, toà nhà M5, 91 Nguyễn Chí Thanh, Đống Đa, Hà Nội. Thông tin công ty. Quy mô công ty:25-99; Loại hình hoạt ..."
CÔNG TY TNHH AUDIENCE SERV,Firecrawl,https://thongtincongty.vn/ma-so-thue/0108449545-cong-ty-tnhh-audience-serv,step4_fallback_en,"""CÔNG TY TNHH AUDIENCE SERV""",0108449545 - CÔNG TY TNHH AUDIENCE SERV - Thongtincongty.vn,"CÔNG TY TNHH AUDIENCE SERV - Mã số thuế 0108449545 - Địa chỉ: Tầng 4, tòa M5- số 91 Nguyễn Chí Thanh, Phường Giảng Võ, Thành phố Hà Nội, Việt Nam."
CÔNG TY TNHH AUDIENCE SERV,Firecrawl,https://careerstart.vn/nha-tuyen-dung/cong-ty-tnhh-audience-serv.35AA01F5.html,step4_fallback_en,"""CÔNG TY TNHH AUDIENCE SERV""","Đồng hành cùng sinh viên, thực tập sinh CareerStart.vn",Công ty TNHH Audience Serv. Thông tin công ty. Hey there! We're Audience Serv – a global customer acquisition expert with offices ...
CÔNG TY TNHH AUDIENCE SERV,Firecrawl,https://www.fidovn.com/doanh-nghiep/cong-ty-tnhh-audience-serv-20010651,step4_fallback_en,"""CÔNG TY TNHH AUDIENCE SERV""",CÔNG TY TNHH AUDIENCE SERV - Fidovn,Tìm việc tại CÔNG TY TNHH AUDIENCE SERV nhiều vị trí với mức lương hấp dẫn. Đăng ký ngay trên Fidovn để không bỏ lỡ cơ hội nghề nghiệp phù hợp.
CÔNG TY TNHH AUDIENCE SERV,Firecrawl,https://fiingate.vn/Home/SetCulture?returnUrl=https%3A%2F%2Ffiingate.vn%2FBusinessDirectory%2FCompanyDetail%2F486295%3Flang%3Dvi-VN,step4_fallback_en,"""CÔNG TY TNHH AUDIENCE SERV""",CÔNG TY TNHH AUDIENCE SERV - FiinGate Website,"Danh bạ doanh nghiệp. CÔNG TY TNHH AUDIENCE SERV. Mã số thuế: 0108449545. Tầng 4, tòa M5- số 91 Nguyễn Chí Thanh, Phường Đống Đa, Thành phố Hà Nội, Việt Nam."
CÔNG TY TNHH AUDIENCE SERV,Firecrawl,https://vieclam24h.vn/ke-toan/general-accountant-c17p73id200820986.html,step4_fallback_en,"""CÔNG TY TNHH AUDIENCE SERV""",General Accountant - Công Ty TNHH Audience Serv - Vieclam24h,"Công Ty TNHH Audience Serv tuyển dụng General Accountant, lương 10 - 15 triệu, phúc lợi tốt, làm việc tại Hà Nội. Ứng tuyển ngay trên Vieclam24h!"
CÔNG TY TNHH AUDIENCE SERV,Firecrawl,https://1900.com.vn/tong-quan/cong-ty-tnhh-audience-serv-10655,step4_fallback_en,"""CÔNG TY TNHH AUDIENCE SERV""","AUDIENCE SERV - Trang nhà tuyển dụng, reviews, việc làm 05/2026","Giới thiệu. Công ty TNHH Audience Serv tại Việt Nam là một chi nhánh của Audience Serv GmbH – tổng công ty được thành lập vào năm 2008, ..."
CÔNG TY TNHH AUDIENCE SERV,Firecrawl,https://vieclamhanoi.vn/viec-lam/junior-sales-admin-21818.html,step4_fallback_en,"""CÔNG TY TNHH AUDIENCE SERV""",Junior Sales Admin CÔNG TY TNHH AUDIENCE SERV,"CÔNG TY TNHH AUDIENCE SERV tuyển dụng vị trí Junior Sales Admin lương hấp dẫn, phúc lợi tốt, môi trường chuyên nghiệp tại Hà Nội. Hạn nộp hồ sơ 04/01/2024."
CÔNG TY TNHH AUDIENCE SERV,Firecrawl,https://www.facebook.com/groups/vieclamtiengphaphcm/posts/1924657927738627/,step4_fallback_en,"""CÔNG TY TNHH AUDIENCE SERV""",| hot job #JuniorCampaignExecutive #Fresher   ⛔️ [Nguyễn Chí ...,"... Công ty TNHH Audience Serv hoạt động trong lĩnh vực Email Marketing, tuyển dụng Junior Campaign Executive: ⭕️ ""Thị trường Đức"": 02 người, thành thạo tiếng ..."
CÔNG TY TNHH AUDIENCE SERV,Firecrawl,https://vn.joboko.com/viec-lam-general-accountant-xvi6457799,step4_fallback_en,"""CÔNG TY TNHH AUDIENCE SERV""","Tuyển General Accountant tại Công ty TNHH Audience Serv, Việc làm",Công ty TNHH Audience Serv. General Accountant · Công ty TNHH Audience Serv. Địa điểm làm việc: Hà Nội. Hết hạn: Còn 31 ngày. Ứng tuyển. Lưu ...
CÔNG TY TNHH AUDIENCE SERV,Firecrawl,https://careerviet.vn/vi/nha-tuyen-dung/cong-ty-tnhh-audience-serv.35A8AF3E.html,step4_fallback_en,"""CÔNG TY TNHH AUDIENCE SERV""",công ty tnhh audience serv - CareerViet,"CÔNG TY TNHH AUDIENCE SERV. Địa điểm. Tầng 4, toà nhà M5, 91 Nguyễn Chí Thanh, Đống Đa, Hà Nội. Thông tin công ty. Quy mô công ty:25-99; Loại hình hoạt ..."
CÔNG TY TNHH AUDIENCE SERV,Firecrawl,https://www.topcv.vn/cong-ty/cong-ty-tnhh-audience-serv/23802.html,step4_fallback_en,"""CÔNG TY TNHH AUDIENCE SERV""",Công ty TNHH Audience Serv - TopCV,Công ty TNHH Audience Serv · Giới thiệu công ty · Tuyển dụng · Thương hiệu lớn tiêu biểu cùng lĩnh vực Pro Company · Việc làm “” từ các công ty tương tự · Thông tin ...
CÔNG TY TNHH AUDIENCE SERV,Firecrawl,https://dauthau.net/vi/dn/CONG-TY-TNHH-AUDIENCE-SERV/,step4_fallback_en,"""CÔNG TY TNHH AUDIENCE SERV""",CÔNG TY TNHH AUDIENCE SERV - Danh bạ doanh nghiệp & Hồ ...,CÔNG TY TNHH AUDIENCE SERV · Thông tin đăng ký · Liên hệ · Thông tin bổ sung · Ngành nghề · Danh sách doanh nghiệp cùng Phường Láng Hạ (trước sáp nhập) · Danh sách ...
CÔNG TY TNHH AUDIENCE SERV,Firecrawl,https://nhansu.vn/nhan-vien-internal-accountant-200130.html,step4_fallback_en,"""CÔNG TY TNHH AUDIENCE SERV""",Tuyển dụng Nhân Viên Internal Accountant tại Công ty TNHH ...,"Công ty TNHH Audience Serv. Quy mô: 100-199 nhân viên. Lĩnh vực: Kinh doanh, Marketing. Địa chỉ: Tầng 4, tòa M5- số 91 Nguyễn Chí ..."
CÔNG TY TNHH AUDIENCE SERV,Firecrawl,https://vn.joboko.com/viec-lam-hn-cong-ty-audience-serv-tuyen-dung-data-system-analyst-junior-full-time-2025-xvi6208107,step4_fallback_en,"""CÔNG TY TNHH AUDIENCE SERV""",Tuyển [HN] Công Ty Audience Serv Tuyển Dụng Data & System ...,"Việc làm [HN] Công Ty Audience Serv Tuyển Dụng Data & System Analyst (Junior) Full-time 2025. tại Công ty TNHH Audience Serv, Công ty TNHH Audience Serv"
CÔNG TY TNHH AUDIENCE SERV,Firecrawl,https://vieclamhanoi.vn/viec-lam/fresher-deliverability-analyst-data-analyst-marketing-agency-8459.html,step4_fallback_en,"""CÔNG TY TNHH AUDIENCE SERV""",Fresher Deliverability Analyst (Data Analyst - Marketing Agency),"CÔNG TY TNHH AUDIENCE SERV tuyển dụng vị trí Fresher Deliverability Analyst (Data Analyst - Marketing Agency) lương hấp dẫn, phúc lợi tốt, môi trường chuyên ..."
CÔNG TY TNHH AUDIENCE SERV,Firecrawl,https://1900.com.vn/ma-so-thue/cong-ty-tnhh-audience-serv-10655,step4_fallback_en,"""CÔNG TY TNHH AUDIENCE SERV""",0108449545 - CÔNG TY TNHH AUDIENCE SERV - 1900,"0108449545 - CÔNG TY TNHH AUDIENCE SERV ; Địa chỉ, Tầng 4, tòa M5- số 91 Nguyễn Chí Thanh, Phường Láng Hạ, Quận Đống Đa, Thành phố Hà Nội, Việt ..."
CÔNG TY TNHH AUDIENCE SERV,Firecrawl,https://1900.com.vn/ma-so-thue/cong-ty-tnhh-audience-serv-10655,step4_fallback_en,"""CÔNG TY TNHH AUDIENCE SERV""",0108449545 - CÔNG TY TNHH AUDIENCE SERV - 1900,"0108449545 - CÔNG TY TNHH AUDIENCE SERV ; Địa chỉ, Tầng 4, tòa M5- số 91 Nguyễn Chí Thanh, Phường Láng Hạ, Quận Đống Đa, Thành phố Hà Nội, Việt ..."
CÔNG TY TNHH AUDIENCE SERV,Firecrawl,https://www.masodoanhnghiep.vn/cong-ty-tnhh-audience-serv-571898.html,step4_fallback_en,"""CÔNG TY TNHH AUDIENCE SERV""",Tra cứu mã số thuế CÔNG TY TNHH AUDIENCE SERV ...,"CÔNG TY TNHH AUDIENCE SERV. CÔNG TY TNHH AUDIENCE SERV. Tên quốc tế. AUDIENCE SERV CO., LTD. Mã số thuế. 0108449545. Địa chỉ. Tầng 22, Tòa nhà Ngọc Khánh Plaza ..."
CÔNG TY TNHH AUDIENCE SERV,Firecrawl,https://sceniabay.ancu.com/danh-sach-cong-ty-tai-ngoc-khanh-plaza/,step4_fallback_en,"""CÔNG TY TNHH AUDIENCE SERV""",Danh sách công ty làm việc tại tòa nhà Ngọc Khánh Plaza,"CÔNG TY TNHH AUDIENCE SERV. 0108449545. Tầng 22, Ngọc Khánh Plaza, số 1 Phố Phạm Huy Thông, Phường Ngọc Khánh, Quận Ba Đình, Hà Nội. CÔNG TY CỔ PHẦN NĂNG LƯỢNG ..."
CÔNG TY TNHH AUDIENCE SERV,Firecrawl,https://nhansu.vn/general-accountant-at-novumstate-gmbh-giang-vo-hanoi-onboard-immediately-off-saturday-and-sunday-200131.html,step4_fallback_en,"""CÔNG TY TNHH AUDIENCE SERV""",Tuyển dụng General Accountant - At Novumstate GmbH (Giang Vo ...,"Công ty TNHH Audience Serv. Quy mô: 100-199 nhân viên. Lĩnh vực: Kinh doanh, Marketing. Địa chỉ: Tầng 4, tòa M5- số 91 Nguyễn Chí ..."
CÔNG TY TNHH AUDIENCE SERV,Firecrawl,https://www.studocu.vn/vn/document/truong-dai-hoc-ngoai-ngu-dai-hoc-quoc-gia-ha-noi/ngon-ngu-duc/cv-pham-ha-anh-trang-cv-for-students/101010548,step4_fallback_en,"""CÔNG TY TNHH AUDIENCE SERV""",CV Phạm Hà Anh Trang - Content Marketing/ Digital ... - Studocu,Content Creator. Công ty TNHH Audience Serv 3/2022-4/. Lập kế hoạch và điều phối các chiến dịch quảng cáo qua email của khách hàng (Kiểm tra lại quảng cáo ...
CÔNG TY TNHH AUDIENCE SERV,Firecrawl,https://www.topcv.vn/viec-lam/junior-campaign-manager/1306668.html,step4_fallback_en,"""CÔNG TY TNHH AUDIENCE SERV""",Tuyển Junior Campaign Manager làm việc tại CÔNG TY ... - TopCV,"Công ty CÔNG TY TNHH AUDIENCE SERV tuyển Junior Campaign Manager tại Hà Nội, Đống Đa - Hà Nội, lương 8 - 10 triệu, kinh nghiệm Không yêu cầu, kỹ năng Excel, ..."
CÔNG TY TNHH AUDIENCE SERV,Firecrawl,https://vn.joboko.com/viec-lam-junior-data-system-analyst-xvi6390172,step4_fallback_en,"""CÔNG TY TNHH AUDIENCE SERV""",Junior Data & System Analyst - Công ty TNHH Audience Serv - Joboko,Công ty TNHH Audience Serv. Junior Data & System Analyst. Công ty TNHH Audience Serv. Địa điểm làm việc: Hà Nội. Hết hạn: 5 ngày trước. Lưu việc. Kết nối với ...
CÔNG TY TNHH AUDIENCE SERV,Firecrawl,https://hanoi.baohiemxahoi.gov.vn/content/tintuc/Lists/News/Attachments/33528/DS%20cham%20dong%20BHXH%20T11.2023.pdf,step4_fallback_en,"""CÔNG TY TNHH AUDIENCE SERV""",[PDF] DS cham dong BHXH T11.2023.xlsx,"... Công Ty Tnhh Audience Serv. Tầng 4 tòa nhà M5, số 91 Nguyễn Chí Thanh, Phường Láng Hạ, quận Đống Đa, Hà Nội. 1. 185.680.372. 2418. 0108814822."
CÔNG TY TNHH AUDIENCE SERV,Firecrawl,https://www.tratencongty.com/thanh-pho-ha-noi/quan-ba-dinh/phuong-ngoc-khanh/?page=23,step4_fallback_en,"""CÔNG TY TNHH AUDIENCE SERV""","Danh sách công ty tại Phường Ngọc Khánh, Quận Ba Đình, Thành ...","CÔNG TY TNHH AUDIENCE SERV. Mã số thuế: 0108449545 - Đại diện pháp luật: Nguyễn Thanh Hằng Địa chỉ: Tầng 22, Tòa nhà Ngọc Khánh Plaza, số 1 Phố Phạm Huy ..."
CÔNG TY TNHH AUDIENCE SERV,Firecrawl,https://www.fidovn.com/viec-lam/sales-executive-hybrid-working-negotiable-salary-20016241,step4_fallback_en,"""CÔNG TY TNHH AUDIENCE SERV""",Sales Executive (Hybrid Working) Negotiable Salary - Fidovn,CÔNG TY TNHH AUDIENCE SERV tuyển dụng Sales Executive (Hybrid Working) Negotiable Salary Hà Đông Hà Nội Thỏa thuận trực tiếp.
CÔNG TY TNHH AUDIENCE SERV,Firecrawl,https://hanoi.baohiemxahoi.gov.vn/content/tintuc/Lists/News/Attachments/33528/DS%20cham%20dong%20BHXH%20T11.2023.pdf,step4_fallback_en,"""CÔNG TY TNHH AUDIENCE SERV""",[PDF] DS cham dong BHXH T11.2023.xlsx,"... Công Ty Tnhh Audience Serv. Tầng 4 tòa nhà M5, số 91 Nguyễn Chí Thanh, Phường Láng Hạ, quận Đống Đa, Hà Nội. 1. 185.680.372. 2418. 0108814822."
CÔNG TY TNHH AUDIENCE SERV,Firecrawl,https://www.topcv.vn/viec-lam/accountant/1682479.html,step4_fallback_en,"""CÔNG TY TNHH AUDIENCE SERV""",Tuyển Accountant làm việc tại CÔNG TY TNHH AUDIENCE SERV,"Công ty CÔNG TY TNHH AUDIENCE SERV tuyển Accountant tại Hà Nội, Đống Đa - Hà Nội, lương Thoả thuận, kinh nghiệm 1 năm, kỹ năng Kế Toán, Kiểm Toán, ..."
CÔNG TY TNHH AUDIENCE SERV,Firecrawl,https://nhansu.vn/general-accountant-at-novumstate-gmbh-giang-vo-hanoi-onboard-immediately-off-saturday-and-sunday-200131.html,step4_fallback_en,"""CÔNG TY TNHH AUDIENCE SERV""",Tuyển dụng General Accountant - At Novumstate GmbH (Giang Vo ...,"Công ty TNHH Audience Serv. Quy mô: 100-199 nhân viên. Lĩnh vực: Kinh doanh, Marketing. Địa chỉ: Tầng 4, tòa M5- số 91 Nguyễn Chí ..."
CÔNG TY TNHH AUDIENCE SERV,Firecrawl,https://vieclam24h.vn/ke-toan/general-accountant-c17p73id200816822.html,step4_fallback_en,"""CÔNG TY TNHH AUDIENCE SERV""",Tuyển General Accountant tại Công Ty TNHH Chuỗi ... - Vieclam24h,Việc làm tương tự cho bạn. General Accountant. Công Ty TNHH Audience Serv. 10 - 15 triệu. Hà NộiHà Nội. Còn 24 ngày. Ngày hết hạn nộp ...
CÔNG TY TNHH AUDIENCE SERV,Firecrawl,https://123job.vn/vi%E1%BB%87c-l%C3%A0m-general-accountant-t%E1%BA%A1i-Ha%CC%80-N%C3%B4%CC%A3i,step4_fallback_en,"""CÔNG TY TNHH AUDIENCE SERV""","1100+ Việc làm, tuyển dụng General Accountant tại Hà Nội - Môi ...",Top công ty đang tuyển dụng general accountant tại Hà Nội. Emerging asia insights consulting Công ty tnhh cuckoo vina Công ty tnhh audience serv T&j Green ...
CÔNG TY TNHH AUDIENCE SERV,Firecrawl,https://vn.joboko.com/viec-lam-junior-data-system-analyst-xvi6390172,step4_fallback_en,"""CÔNG TY TNHH AUDIENCE SERV""",Junior Data & System Analyst - Công ty TNHH Audience Serv - Joboko,Công ty TNHH Audience Serv. Junior Data & System Analyst. Công ty TNHH Audience Serv. Địa điểm làm việc: Hà Nội. Hết hạn: 5 ngày trước. Lưu việc. Kết nối với ...
CÔNG TY TNHH AUDIENCE SERV,Firecrawl,https://careerviet.vn/vi/search-job/junior-data-system-analyst.35C627D9,step4_fallback_en,"""CÔNG TY TNHH AUDIENCE SERV""",Junior Data & System Analyst - CareerViet - Jobseeker,Công ty TNHH Audience Serv. Junior Data & System Analyst. Công ty TNHH Audience Serv. NỘP ĐƠN ỨNG TUYỂN. Chi tiết; Tổng quan công ty. Địa điểm. Hà Nội. Maps.
CÔNG TY TNHH AUDIENCE SERV,Firecrawl,https://vieclamketoan.vn/accountant-at-novumstate-gmbh-dong-da-hanoi-off-saturday-and-sunday-j34351,step4_fallback_en,"""CÔNG TY TNHH AUDIENCE SERV""",Tuyển Accountant - CÔNG TY TNHH AUDIENCE SERV,"CÔNG TY TNHH AUDIENCE SERV tuyển Accountant - At Novumstate GmbH (Dong Da, Hanoi) - Off Saturday And Sunday, Lương Từ 10 - 15 triệu, Trên 1 năm kinh nghiệm, ..."
CÔNG TY TNHH AUDIENCE SERV,Firecrawl,https://www.topcv.vn/viec-lam/personal-assistant/1586840.html,step4_fallback_en,"""CÔNG TY TNHH AUDIENCE SERV""",Tuyển Personal Assistant làm việc tại CÔNG TY TNHH AUDIENCE ...,"Công ty CÔNG TY TNHH AUDIENCE SERV tuyển Personal Assistant tại Hà Nội, Đống Đa - Hà Nội, lương 15 - 20 triệu, kinh nghiệm 1 năm, kỹ năng Giao tiếp hiệu quả ..."
CÔNG TY TNHH AUDIENCE SERV,Firecrawl,https://www.tratencongty.com/thanh-pho-ha-noi/?page=3660,step4_fallback_en,"""CÔNG TY TNHH AUDIENCE SERV""",Danh sách công ty tại Thành phố Hà Nội - Trang 3660,"CÔNG TY TNHH AUDIENCE SERV. Mã số thuế: 0108449545 - Đại diện pháp luật: Nguyễn Thanh Hằng Địa chỉ: Tầng 22, Tòa nhà Ngọc Khánh Plaza, số 1 Phố Phạm Huy ..."
CÔNG TY TNHH AUDIENCE SERV,Firecrawl,https://careerviet.vn/vi/search-job/junior-data-system-analyst.35C627D9,step4_fallback_en,"""CÔNG TY TNHH AUDIENCE SERV""",Junior Data & System Analyst - CareerViet - Jobseeker,Công ty TNHH Audience Serv. Junior Data & System Analyst. Công ty TNHH Audience Serv. NỘP ĐƠN ỨNG TUYỂN. Chi tiết; Tổng quan công ty. Địa điểm. Hà Nội. Maps.
CÔNG TY TNHH AUDIENCE SERV,Firecrawl,https://vn.joboko.com/tim-viec-lam-general-accountant,step4_fallback_en,"""CÔNG TY TNHH AUDIENCE SERV""",Tìm việc làm general accountant (6.355 việc) - Joboko,"Công ty TNHH Audience Serv. Hà Nội. 10 - 15 triệu. Take charge of tax declarations and finalizations (VAT, CIT, FCT, PIT, etc. Bachelor's degree in Accounting ..."
CÔNG TY TNHH AUDIENCE SERV,Firecrawl,https://note8.vn/tim-viec-lam/junior-sales-admin-hanoi-63985,step4_fallback_en,"""CÔNG TY TNHH AUDIENCE SERV""",Junior Sales Admin - Hanoi - 1900.com.vn,"Công ty TNHH Audience Serv tại Việt Nam là một chi nhánh của Audience Serv GmbH – tổng công ty được thành lập vào năm 2008, có trụ sở tại Berlin với nhiều chi ..."
CÔNG TY TNHH AUDIENCE SERV,Firecrawl,https://www.topcv.vn/viec-lam/personal-assistant/1586840.html,step4_fallback_en,"""CÔNG TY TNHH AUDIENCE SERV""",Tuyển Personal Assistant làm việc tại CÔNG TY TNHH AUDIENCE ...,"Công ty CÔNG TY TNHH AUDIENCE SERV tuyển Personal Assistant tại Hà Nội, Đống Đa - Hà Nội, lương 15 - 20 triệu, kinh nghiệm 1 năm, kỹ năng Giao tiếp hiệu quả ..."
CÔNG TY TNHH AUDIENCE SERV,Firecrawl,https://vieclam24h.vn/vieclam/accounting-associate,step4_fallback_en,"""CÔNG TY TNHH AUDIENCE SERV""",Tuyển dụng 1927 việc làm accounting associate mới nhất 10/05/2026,Công Ty TNHH Audience Serv. 10 - 15 triệu. Hà NộiHà Nội. Còn 21 ngày. Ngày hết hạn nộp hồ sơ 31/05/2026. Bình Tân - Kế Toán Viên - Thu ...
CÔNG TY TNHH AUDIENCE SERV,Firecrawl,https://www.topcv.vn/viec-lam/sales-executive-middle-experienced/1470133.html,step4_fallback_en,"""CÔNG TY TNHH AUDIENCE SERV""",Tuyển Sales Executive - Middle-Experienced làm việc tại CÔNG TY ...,"Công ty CÔNG TY TNHH AUDIENCE SERV tuyển Sales Executive - Middle-Experienced tại Hà Nội, Đống Đa - Hà Nội, lương 11 - 15 triệu, kinh nghiệm 2 năm, kỹ năng."
CÔNG TY TNHH AUDIENCE SERV,Firecrawl,https://vn.joboko.com/tim-viec-lam-general-accountant-tai-ha-noi,step4_fallback_en,"""CÔNG TY TNHH AUDIENCE SERV""",Tìm việc làm general accountant tại Hà Nội (2.164 việc) - JobOKO,"Công ty TNHH Audience Serv. Hà Nội. 10 - 15 triệu. Take charge of tax declarations and finalizations (VAT, CIT, FCT, PIT, etc. Bachelor's degree in Accounting ..."
CÔNG TY TNHH AUDIENCE SERV,Firecrawl,https://vieclam24h.vn/nghe-nghiep/tram-sac-ky-nang/the-tin-dung-la-gi-mot-so-dieu-khoan-quan-trong-cua-the-tin-dung,step4_fallback_en,"""CÔNG TY TNHH AUDIENCE SERV""",Thẻ tín dụng là gì? Một số điều khoản quan trọng của ... - Vieclam24h,Công Ty TNHH Audience Serv. 10 - 15 triệu. Hà NộiHà Nội. Còn 24 ngày. Ngày hết hạn nộp hồ sơ 31/05/2026. Giám Đốc Nhà ...
CÔNG TY TNHH AUDIENCE SERV,Firecrawl,https://www.topcv.vn/viec-lam/general-accountant/2131878.html,step4_fallback_en,"""CÔNG TY TNHH AUDIENCE SERV""",Tuyển General Accountant làm việc tại CÔNG TY TNHH AUDIENCE ...,"Công ty CÔNG TY TNHH AUDIENCE SERV tuyển General Accountant tại Hà Nội, Phường Giảng Võ - Hà Nội, lương 10 - 15 triệu, kinh nghiệm 2 năm, kỹ năng Word, ..."
CÔNG TY TNHH AUDIENCE SERV,Firecrawl,https://www.topcv.vn/viec-lam/junior-campaign-executive-dach/2107707.html,step4_fallback_en,"""CÔNG TY TNHH AUDIENCE SERV""",Tuyển Junior Campaign Executive - DACH làm việc tại CÔNG TY ...,"Công ty CÔNG TY TNHH AUDIENCE SERV tuyển Junior Campaign Executive - DACH tại Hà Nội, Phường Giảng Võ - Hà Nội, lương 8 - 10 triệu, kinh nghiệm Dưới 1 năm, ..."
CÔNG TY TNHH AUDIENCE SERV,Firecrawl,https://www.topcv.vn/viec-lam/junior-campaign-executive-dach/2107707.html,step4_fallback_en,"""CÔNG TY TNHH AUDIENCE SERV""",Tuyển Junior Campaign Executive - DACH làm việc tại CÔNG TY ...,"Công ty CÔNG TY TNHH AUDIENCE SERV tuyển Junior Campaign Executive - DACH tại Hà Nội, Phường Giảng Võ - Hà Nội, lương 8 - 10 triệu, kinh nghiệm Dưới 1 năm, ..."
CÔNG TY TNHH AUDIENCE SERV,Firecrawl,https://vn.joboko.com/top/viec-lam-moi-ngay-31-07-2025?p=29,step4_fallback_en,"""CÔNG TY TNHH AUDIENCE SERV""",Trang 29 - Việc làm mới ngày 31-07-2025 - Joboko,Công ty TNHH Audience Serv. Từ 8 Triệu - Dưới 10 Triệu VNĐ / Tháng. Hà Nội. 8 tháng trước. Trưởng Phòng ...
CÔNG TY TNHH AUDIENCE SERV,Firecrawl,https://www.topcv.vn/viec-lam/junior-campaign-manager/1164053.html,step4_fallback_en,"""CÔNG TY TNHH AUDIENCE SERV""",Tuyển Junior Campaign Manager làm việc tại CÔNG TY TNHH ...,"Công ty TNHH Audience Serv tại Việt Nam là một chi nhánh của Audience Serv GmbH – tổng công ty được thành lập vào năm 2008, có trụ sở tại Berlin với nhiều chi ..."
CÔNG TY TNHH AUDIENCE SERV,Firecrawl,https://www.topcv.vn/viec-lam/deliverability-analyst/1306857.html,step4_fallback_en,"""CÔNG TY TNHH AUDIENCE SERV""",Tuyển Deliverability Analyst làm việc tại CÔNG TY TNHH ... - TopCV,"Công ty CÔNG TY TNHH AUDIENCE SERV tuyển Deliverability Analyst tại Hà Nội, Đống Đa - Hà Nội, lương Thoả thuận, kinh nghiệm Không yêu cầu, kỹ năng Tiếng Anh ..."
CÔNG TY TNHH AUDIENCE SERV,Firecrawl,https://www.topcv.vn/viec-lam/campaign-manager/127524.html,step4_fallback_en,"""CÔNG TY TNHH AUDIENCE SERV""",Tuyển Campaign Manager làm việc tại Công ty TNHH Audience Serv,"Công ty Công ty TNHH Audience Serv tuyển Campaign Manager tại Hà Nội, lương Thoả thuận, kinh nghiệm Dưới 1 năm, kỹ năng HTML."
CÔNG TY TNHH AUDIENCE SERV,Firecrawl,https://www.topcv.vn/viec-lam/junior-campaign-manager-full-time/1110095.html,step4_fallback_en,"""CÔNG TY TNHH AUDIENCE SERV""",Tuyển Junior Campaign Manager Full-Time làm việc tại ... - TopCV,"Công ty TNHH Audience Serv tại Việt Nam là một chi nhánh của Audience Serv GmbH – tổng công ty được thành lập vào năm 2008, có trụ sở tại Berlin với nhiều ..."
CÔNG TY TNHH AUDIENCE SERV,Firecrawl,https://www.topcv.vn/viec-lam/sales-executive-negotiable-salary/1613416.html,step4_fallback_en,"""CÔNG TY TNHH AUDIENCE SERV""",Tuyển Sales Executive - Negotiable Salary làm việc tại CÔNG TY ...,"Công ty CÔNG TY TNHH AUDIENCE SERV tuyển Sales Executive - Negotiable Salary tại Hà Nội, Đống Đa - Hà Nội, lương Thoả thuận, kinh nghiệm Dưới 1 năm, ..."
CÔNG TY TNHH AUDIENCE SERV,Firecrawl,https://www.topcv.vn/viec-lam/hr-admin-officer-at-novumstate-gmbh-dong-da-hanoi-onboard-immediatel-off-saturday-and-sunday/1682613.html,step4_fallback_en,"""CÔNG TY TNHH AUDIENCE SERV""","Tuyển HR & Admin Officer - At Novumstate GmbH (Dong Da, Hanoi)","Công ty CÔNG TY TNHH AUDIENCE SERV tuyển HR & Admin Officer - At Novumstate GmbH (Dong Da, Hanoi) - Onboard Immediatel, Off Saturday And Sunday tại Hà Nội, ..."
CÔNG TY TNHH AUDIENCE SERV,Firecrawl,https://www.topcv.vn/viec-lam/emailbidding-deliverability-intern/931901.html,step4_fallback_en,"""CÔNG TY TNHH AUDIENCE SERV""",Tuyển Emailbidding Deliverability Intern làm việc tại CÔNG TY ...,"Công ty CÔNG TY TNHH AUDIENCE SERV tuyển Emailbidding Deliverability Intern tại Hà Nội, Ba Đình - Hà Nội, lương Thoả thuận, kinh nghiệm Không yêu cầu, ..."
CÔNG TY TNHH AUDIENCE SERV,Firecrawl,https://www.topcv.vn/viec-lam/fresher-deliverability-analyst-data-analyst-marketing-agency/996125.html,step4_fallback_en,"""CÔNG TY TNHH AUDIENCE SERV""",Tuyển Fresher Deliverability Analyst (Data Analyst - TopCV,"Công ty CÔNG TY TNHH AUDIENCE SERV tuyển Fresher Deliverability Analyst (Data Analyst - Marketing Agency) tại Hà Nội, Ba Đình - Hà Nội, lương Từ 9 triệu, ..."
CÔNG TY TNHH AUDIENCE SERV,Firecrawl,https://www.topcv.vn/viec-lam/fresher-deliverability-analyst-data-analyst-marketing-agency/996125.html,step4_fallback_en,"""CÔNG TY TNHH AUDIENCE SERV""",Tuyển Fresher Deliverability Analyst (Data Analyst - TopCV,"Công ty CÔNG TY TNHH AUDIENCE SERV tuyển Fresher Deliverability Analyst (Data Analyst - Marketing Agency) tại Hà Nội, Ba Đình - Hà Nội, lương Từ 9 triệu, ..."
CÔNG TY TNHH AUDIENCE SERV,Firecrawl,https://www.topcv.vn/viec-lam/accountant-at-novumstate-gmbh-dong-da-hanoi-off-saturday-and-sunday/1999480.html,step4_fallback_en,"""CÔNG TY TNHH AUDIENCE SERV""","Tuyển Accountant - At Novumstate GmbH (Dong Da, Hanoi) - TopCV","Công ty CÔNG TY TNHH AUDIENCE SERV tuyển Accountant - At Novumstate GmbH (Dong Da, Hanoi) - Off Saturday And Sunday tại Hà Nội, Phường Đống Đa - Hà Nội, ..."
CÔNG TY TNHH AUDIENCE SERV,Firecrawl,https://www.topcv.vn/viec-lam/project-manager/1682626.html,step4_fallback_en,"""CÔNG TY TNHH AUDIENCE SERV""",Tuyển Project Manager làm việc tại CÔNG TY TNHH AUDIENCE ...,"Công ty CÔNG TY TNHH AUDIENCE SERV tuyển Project Manager tại Hà Nội, Đống Đa - Hà Nội, lương 15 - 20 triệu, kinh nghiệm 3 năm, kỹ năng Làm việc nhóm, ..."
CÔNG TY TNHH AUDIENCE SERV,Firecrawl,https://www.topcv.vn/viec-lam/nhan-vien-internal-accountant/1817887.html,step4_fallback_en,"""CÔNG TY TNHH AUDIENCE SERV""",Tuyển Nhân Viên Internal Accountant làm việc tại CÔNG ... - TopCV,"Công ty CÔNG TY TNHH AUDIENCE SERV tuyển Nhân Viên Internal Accountant tại Hà Nội, Đống Đa - Hà Nội, lương 8 - 10 triệu, kinh nghiệm 1 năm, kỹ năng Kế Toán, ..."
CÔNG TY TNHH AUDIENCE SERV,Firecrawl,https://www.topcv.vn/viec-lam/receivable-accountant-ar/1483615.html,step4_fallback_en,"""CÔNG TY TNHH AUDIENCE SERV""",Tuyển Receivable Accountant (AR) làm việc tại CÔNG TY ... - TopCV,"Công ty CÔNG TY TNHH AUDIENCE SERV tuyển Receivable Accountant (AR) tại Hà Nội, Đống Đa - Hà Nội, lương 9 - 12 triệu, kinh nghiệm 2 năm, kỹ năng Excel, ..."
CÔNG TY TNHH AUDIENCE SERV,Firecrawl,https://www.topcv.vn/viec-lam/general-accountant-at-novumstate-gmbh/1817247.html,step4_fallback_en,"""CÔNG TY TNHH AUDIENCE SERV""",Tuyển General Accountant - At Novumstate GmbH làm việc ... - TopCV,"Công ty CÔNG TY TNHH AUDIENCE SERV tuyển General Accountant - At Novumstate GmbH tại Hà Nội, Đống Đa - Hà Nội, lương 15 - 20 triệu, kinh nghiệm 2 năm, ..."
CÔNG TY TNHH AUDIENCE SERV,Firecrawl,https://www.topcv.vn/viec-lam/junior-sales-admin-hanoi/1186875.html,step4_fallback_en,"""CÔNG TY TNHH AUDIENCE SERV""",Tuyển Junior Sales Admin - Hanoi làm việc tại CÔNG TY TNHH ...,"Công ty CÔNG TY TNHH AUDIENCE SERV tuyển Junior Sales Admin - Hanoi tại Đống Đa - Hà Nội, Hà Nội, lương 8 - 10 triệu, kinh nghiệm Dưới 1 năm, kỹ năng."
CÔNG TY TNHH AUDIENCE SERV,Firecrawl,https://www.topcv.vn/viec-lam/fresher-affiliate-market-manager-italy-market-manager/963542.html,step4_fallback_en,"""CÔNG TY TNHH AUDIENCE SERV""",Fresher Affiliate Market Manager (Italy Market Manager) - TopCV,"Công ty CÔNG TY TNHH AUDIENCE SERV tuyển Fresher Affiliate Market Manager (Italy Market Manager) tại Hà Nội, Ba Đình - Hà Nội, lương 10 - 15 triệu, ..."
CÔNG TY TNHH AUDIENCE SERV,Firecrawl,https://www.topcv.vn/viec-lam/fresher-data-system-analyst-marketing-analyst/972604.html,step4_fallback_en,"""CÔNG TY TNHH AUDIENCE SERV""",Tuyển Fresher Data System Analyst (Marketing Analyst) làm việc tại ...,"Công ty CÔNG TY TNHH AUDIENCE SERV tuyển Fresher Data System Analyst (Marketing Analyst) tại Hà Nội, Ba Đình - Hà Nội, lương Tới 12 triệu, kinh nghiệm Không ..."
CÔNG TY TNHH AUDIENCE SERV,Firecrawl,https://www.topcv.vn/viec-lam/junior-receivable-accountant-ar/926744.html,step4_fallback_en,"""CÔNG TY TNHH AUDIENCE SERV""",Tuyển Junior Receivable Accountant (Ar) làm việc tại ... - TopCV,"Công ty CÔNG TY TNHH AUDIENCE SERV tuyển Junior Receivable Accountant (Ar) tại Hà Nội, Ba Đình - Hà Nội, lương Tới 10 triệu, kinh nghiệm 2 năm, kỹ năng."
CÔNG TY TNHH AUDIENCE SERV,Firecrawl,https://www.topcv.vn/viec-lam/accountant-at-novumstate-gmbh-dong-da-hanoi-off-saturday-and-sunday/1999480.html,step4_fallback_en,"""CÔNG TY TNHH AUDIENCE SERV""","Tuyển Accountant - At Novumstate GmbH (Dong Da, Hanoi) - TopCV","Công ty CÔNG TY TNHH AUDIENCE SERV tuyển Accountant - At Novumstate GmbH (Dong Da, Hanoi) - Off Saturday And Sunday tại Hà Nội, Phường Đống Đa - Hà Nội, ..."
CÔNG TY TNHH AUDIENCE SERV,Firecrawl,https://www.topcv.vn/viec-lam/junior-campaign-manager-de/910620.html,step4_fallback_en,"""CÔNG TY TNHH AUDIENCE SERV""",Tuyển Junior Campaign Manager (De) làm việc tại CÔNG ... - TopCV,"Công ty CÔNG TY TNHH AUDIENCE SERV tuyển Junior Campaign Manager (De) tại Hà Nội, Ba Đình - Hà Nội, lương 8 - 15 triệu, kinh nghiệm Không yêu cầu, ..."
CÔNG TY TNHH AUDIENCE SERV,Firecrawl,https://www.topcv.vn/viec-lam/nhan-vien-backend-developer-node-js-full-time-ha-noi/833151.html,step4_fallback_en,"""CÔNG TY TNHH AUDIENCE SERV""",Tuyển Nhân Viên Backend Developer (Node.JS) Full-Time (Hà Nội ...,"Công ty CÔNG TY TNHH AUDIENCE SERV tuyển Nhân Viên Backend Developer (Node.JS) Full-Time (Hà Nội) tại Hà Nội, Ba Đình - Hà Nội, lương Từ 500 USD, ..."
CÔNG TY TNHH AUDIENCE SERV,Firecrawl,https://www.topcv.vn/viec-lam/general-accountant-at-novumstate-gmbh-dong-da-hanoi-salary-15-20m-onboard-immediately/1548740.html,step4_fallback_en,"""CÔNG TY TNHH AUDIENCE SERV""","At Novumstate GmbH (Dong Da, Hanoi) - Salary 15-20M (Onboard ...","Công ty CÔNG TY TNHH AUDIENCE SERV tuyển General Accountant - At Novumstate GmbH (Dong Da, Hanoi) - Salary 15-20M (Onboard Immediately) tại Đống Đa - Hà Nội ..."
CÔNG TY TNHH AUDIENCE SERV,Firecrawl,https://www.topcv.vn/cong-ty/cong-ty-tnhh-cong-nghe-phan-mem-nasani/256570.html,step4_fallback_en,"""CÔNG TY TNHH AUDIENCE SERV""",CÔNG TY TNHH CÔNG NGHỆ PHẦN MỀM NASANI - TopCV,CÔNG TY TNHH AUDIENCE SERV. General Accountant · CÔNG TY TNHH AUDIENCE SERV. 10 - 15 triệu. Hà Nội Còn 29 ngày để ứng tuyển. Ứng tuyển. Công ty TNHH Thương Mại ...
CÔNG TY TNHH AUDIENCE SERV,Firecrawl,https://www.topcv.vn/cong-ty/cong-ty-tnhh-truyen-thong-va-giai-tri-t-media/79675.html,step4_fallback_en,"""CÔNG TY TNHH AUDIENCE SERV""",CÔNG TY TNHH TRUYỀN THÔNG VÀ GIẢI TRÍ T MEDIA - TopCV,CÔNG TY TNHH AUDIENCE SERV · General Accountant · CÔNG TY TNHH AUDIENCE SERV. 10 - 15 triệu. Hà Nội Còn 28 ngày để ứng tuyển. Ứng tuyển. CÔNG TY CỔ PHẦN TRUYỀN ...
CÔNG TY TNHH AUDIENCE SERV,Firecrawl,https://www.topcv.vn/cong-ty/cong-ty-tnhh-nite-agency/245493.html,step4_fallback_en,"""CÔNG TY TNHH AUDIENCE SERV""",CÔNG TY TNHH NITE AGENCY - TopCV,CÔNG TY TNHH AUDIENCE SERV · General Accountant · CÔNG TY TNHH AUDIENCE SERV. 10 - 15 triệu. Hà Nội Còn 25 ngày để ứng tuyển. Ứng tuyển. Công ty Cổ phần METUB ...
CÔNG TY TNHH AUDIENCE SERV,Firecrawl,https://www.topcv.vn/cong-ty/cong-ty-tnhh-calla-group/92604.html,step4_fallback_en,"""CÔNG TY TNHH AUDIENCE SERV""",Công Ty TNHH Calla Group - TopCV,CÔNG TY TNHH AUDIENCE SERV. General Accountant · CÔNG TY TNHH AUDIENCE SERV. 10 - 15 triệu. Hà Nội Còn 27 ngày để ứng tuyển. Ứng tuyển. Công Ty Cổ Phần Truyền ...
CÔNG TY TNHH AUDIENCE SERV,Firecrawl,https://www.topcv.vn/cong-ty/cong-ty-tnhh-8jj-cricket/254080.html,step4_fallback_en,"""CÔNG TY TNHH AUDIENCE SERV""",CÔNG TY TNHH 8JJ CRICKET - TopCV,15 - 20 triệu. Hồ Chí Minh (mới) Còn 26 ngày để ứng tuyển. Ứng tuyển. CÔNG TY TNHH AUDIENCE SERV. General Accountant · CÔNG TY TNHH AUDIENCE SERV. 10 - 15 triệu.
CÔNG TY TNHH AUDIENCE SERV,Firecrawl,https://www.topcv.vn/cong-ty/cong-ty-tnhh-nice-entertainment-culture-media/212574.html,step4_fallback_en,"""CÔNG TY TNHH AUDIENCE SERV""",CÔNG TY TNHH NICE ENTERTAINMENT CULTURE MEDIA - TopCV,CÔNG TY TNHH AUDIENCE SERV. General Accountant · CÔNG TY TNHH AUDIENCE SERV. 10 - 15 triệu. Hà Nội Còn 28 ngày để ứng tuyển. Ứng tuyển. CÔNG TY CỔ PHẦN CÔNG ...
CÔNG TY TNHH AUDIENCE SERV,Firecrawl,https://www.topcv.vn/cong-ty/cong-ty-co-phan-tv-hub/35748.html,step4_fallback_en,"""CÔNG TY TNHH AUDIENCE SERV""",CÔNG TY CỔ PHẦN TV HUB - TopCV,CÔNG TY TNHH AUDIENCE SERV · General Accountant · CÔNG TY TNHH AUDIENCE SERV. 10 - 15 triệu. Hà Nội Còn 28 ngày để ứng tuyển. Ứng tuyển. Công ty TNHH Phát Triển ...
CÔNG TY TNHH AUDIENCE SERV,Firecrawl,https://www.topcv.vn/cong-ty/cong-ty-co-phan-truyen-thong-giai-phap-so-mts/115095.html,step4_fallback_en,"""CÔNG TY TNHH AUDIENCE SERV""",Công ty Cổ phần Truyền thông & Giải pháp số MTS - TopCV,CÔNG TY TNHH AUDIENCE SERV · General Accountant · CÔNG TY TNHH AUDIENCE SERV. 10 - 15 triệu. Hà Nội Còn 29 ngày để ứng tuyển. Ứng tuyển. Thông tin liên hệ. Địa ...
CÔNG TY TNHH AUDIENCE SERV,Firecrawl,https://www.topcv.vn/cong-ty/cong-ty-co-phan-nen-tang-so-mic-ace/227203.html,step4_fallback_en,"""CÔNG TY TNHH AUDIENCE SERV""",CÔNG TY CỔ PHẦN NỀN TẢNG SỐ MIC ACE - TopCV,CÔNG TY TNHH AUDIENCE SERV. General Accountant · CÔNG TY TNHH AUDIENCE SERV. 10 - 15 triệu. Hà Nội Còn 26 ngày để ứng tuyển. Ứng tuyển. Công ty Cổ phần ...
CÔNG TY TNHH AUDIENCE SERV,Firecrawl,https://www.topcv.vn/cong-ty/cong-ty-co-phan-santa/176748.html,step4_fallback_en,"""CÔNG TY TNHH AUDIENCE SERV""",CÔNG TY CỔ PHẦN SANTA - TopCV,CÔNG TY TNHH AUDIENCE SERV · General Accountant · CÔNG TY TNHH AUDIENCE SERV. 10 - 15 triệu. Hà Nội Còn 28 ngày để ứng tuyển. Ứng tuyển. Công ty TNHH Thương mại ...
CÔNG TY TNHH AUDIENCE SERV,Firecrawl,https://www.topcv.vn/cong-ty/cong-ty-tnhh-thuong-mai-dich-vu-kien-design/240597.html,step4_fallback_en,"""CÔNG TY TNHH AUDIENCE SERV""",CÔNG TY TNHH THƯƠNG MẠI DỊCH VỤ KIẾN DESIGN - TopCV,CÔNG TY TNHH AUDIENCE SERV · General Accountant · CÔNG TY TNHH AUDIENCE SERV. 10 - 15 triệu. Hà Nội Còn 26 ngày để ứng tuyển. Ứng tuyển. Công ty Cổ phần ...
CÔNG TY TNHH AUDIENCE SERV,Firecrawl,https://www.topcv.vn/cong-ty/cong-ty-tnhh-anfin/94365.html,step4_fallback_en,"""CÔNG TY TNHH AUDIENCE SERV""",CÔNG TY TNHH ANFIN - TopCV,CÔNG TY TNHH AUDIENCE SERV · General Accountant · CÔNG TY TNHH AUDIENCE SERV. 10 - 15 triệu. Hà Nội Còn 28 ngày để ứng tuyển. Ứng tuyển. Công ty Cổ phần MISA.
CÔNG TY TNHH AUDIENCE SERV,Firecrawl,https://www.topcv.vn/viec-lam/campaign-planner-e-commerce/1717254.html,step4_fallback_en,"""CÔNG TY TNHH AUDIENCE SERV""",Tuyển Campaign Planner (E-Commerce) làm việc tại Soctrip - TopCV,CÔNG TY TNHH AUDIENCE SERV · Junior Campaign Executive - DACH · CÔNG TY TNHH AUDIENCE SERV. 8 - 10 triệu. Hà Nội. Ứng tuyển. CÔNG TY TRÁCH NHIỆM HỮU HẠN VK SOHO ...
CÔNG TY TNHH AUDIENCE SERV,Firecrawl,https://www.topcv.vn/cong-ty/cong-ty-tnhh-thuong-mai-va-dich-vu-z-up/195697.html,step4_fallback_en,"""CÔNG TY TNHH AUDIENCE SERV""",CÔNG TY TNHH THƯƠNG MẠI VÀ DỊCH VỤ Z-UP - TopCV,CÔNG TY TNHH AUDIENCE SERV · General Accountant · CÔNG TY TNHH AUDIENCE SERV. 10 - 15 triệu. Hà Nội Còn 28 ngày để ứng tuyển. Ứng tuyển. CÔNG TY CỔ PHẦN CANZY ...
CÔNG TY TNHH AUDIENCE SERV,Firecrawl,https://www.topcv.vn/cong-ty/cong-ty-tnhh-giao-duc-hpcom-viet-nam/115936.html,step4_fallback_en,"""CÔNG TY TNHH AUDIENCE SERV""",CÔNG TY TNHH GIÁO DỤC HPCOM VIỆT NAM - TopCV,CÔNG TY TNHH AUDIENCE SERV · General Accountant · CÔNG TY TNHH AUDIENCE SERV. 10 - 15 triệu. Hà Nội Còn 26 ngày để ứng tuyển. Ứng tuyển. NetNam Corp. Sales ...
CÔNG TY TNHH AUDIENCE SERV,Firecrawl,https://www.topcv.vn/cong-ty/cong-ty-tnhh-kc-international/147520.html,step4_fallback_en,"""CÔNG TY TNHH AUDIENCE SERV""",CÔNG TY TNHH K&C INTERNATIONAL - TopCV,CÔNG TY TNHH AUDIENCE SERV · General Accountant · CÔNG TY TNHH AUDIENCE SERV. 10 - 15 triệu. Hà Nội Còn 28 ngày để ứng tuyển. Ứng tuyển. Công ty Cổ phần MISA.
CÔNG TY TNHH AUDIENCE SERV,Firecrawl,https://www.topcv.vn/cong-ty/cong-ty-tnhh-fotober-media/214701.html,step4_fallback_en,"""CÔNG TY TNHH AUDIENCE SERV""",CÔNG TY TNHH FOTOBER MEDIA - TopCV,CÔNG TY TNHH AUDIENCE SERV · General Accountant · CÔNG TY TNHH AUDIENCE SERV. 10 - 15 triệu. Hà Nội Còn 25 ngày để ứng tuyển. Ứng tuyển. CÔNG TY CỔ PHẦN CANZY ...
CÔNG TY TNHH AUDIENCE SERV,Firecrawl,https://www.topcv.vn/viec-lam/ke-toan-tong-hop/1560048.html,step4_fallback_en,"""CÔNG TY TNHH AUDIENCE SERV""",Tuyển Kế Toán Tổng Hợp làm việc tại Công ty CPTM SX&DV Keiko ...,CÔNG TY TNHH AUDIENCE SERV. General Accountant · CÔNG TY TNHH AUDIENCE SERV. 10 - 15 triệu. Hà Nội. Ứng tuyển. CÔNG TY CỔ PHẦN BITCHARGE · Kế Toán Tổng Hợp Từ 2 ...
CÔNG TY TNHH AUDIENCE SERV,Firecrawl,https://www.topcv.vn/cong-ty/cong-ty-co-phan-cpm-viet-nam/1577.html,step4_fallback_en,"""CÔNG TY TNHH AUDIENCE SERV""",CÔNG TY CỔ PHẦN CPM VIỆT NAM - TopCV,CÔNG TY TNHH AUDIENCE SERV · General Accountant · CÔNG TY TNHH AUDIENCE SERV. 10 - 15 triệu. Hà Nội Còn 25 ngày để ứng tuyển. Ứng tuyển. Công ty cổ phần Công ...
CÔNG TY TNHH AUDIENCE SERV,Firecrawl,https://www.topcv.vn/viec-lam/ke-toan-vien-thu-nhap-upto-18-trieu/2045797.html,step4_fallback_en,"""CÔNG TY TNHH AUDIENCE SERV""",Kế Toán Viên (Thu Nhập UPTO 18 Triệu +++) - TopCV,CÔNG TY TNHH AUDIENCE SERV. General Accountant · CÔNG TY TNHH AUDIENCE SERV. 10 - 15 triệu. Hà Nội. Ứng tuyển. Bí kíp Tìm việc an toàn. Dưới đây là những dấu ...
CÔNG TY TNHH AUDIENCE SERV,Firecrawl,https://www.topcv.vn/cong-ty/cong-ty-tnhh-giai-phap-cong-nghe-backlinkaz/141607.html,step4_fallback_en,"""CÔNG TY TNHH AUDIENCE SERV""",Công ty TNHH Giải pháp công nghệ BacklinkAZ - TopCV,"CÔNG TY TNHH AUDIENCE SERV · General Accountant · CÔNG TY TNHH AUDIENCE SERV. 10 - 15 triệu. Hà Nội Còn 28 ngày để ứng tuyển. Ứng tuyển. Abenla Co,.Ltd. Nhân ..."
CÔNG TY TNHH AUDIENCE SERV,Firecrawl,https://www.topcv.vn/viec-lam/nv-ke-toan-thue-tu-2-nam-kinh-nghiem-senior/1903886.html,step4_fallback_en,"""CÔNG TY TNHH AUDIENCE SERV""",NV Kế Toán Thuế Từ 2 Năm Kinh Nghiệm (Senior) - TopCV,CÔNG TY TNHH AUDIENCE SERV. General Accountant · CÔNG TY TNHH AUDIENCE SERV. 10 - 15 triệu. Hà Nội. Ứng tuyển. CÔNG TY CỔ PHẦN BITCHARGE · Kế Toán Tổng Hợp Từ 2 ...
CÔNG TY TNHH AUDIENCE SERV,Firecrawl,https://www.topcv.vn/cong-ty/cong-ty-tnhh-thuong-mai-va-dich-vu-z-up/195697.html,step4_fallback_en,"""CÔNG TY TNHH AUDIENCE SERV""",CÔNG TY TNHH THƯƠNG MẠI VÀ DỊCH VỤ Z-UP - TopCV,CÔNG TY TNHH AUDIENCE SERV · General Accountant · CÔNG TY TNHH AUDIENCE SERV. 10 - 15 triệu. Hà Nội Còn 28 ngày để ứng tuyển. Ứng tuyển. CÔNG TY CỔ PHẦN CANZY ...
CÔNG TY TNHH AUDIENCE SERV,Firecrawl,https://www.topcv.vn/viec-lam/pho-phong-ke-toan-muc-luong-20-25-trieu/2138723.html,step4_fallback_en,"""CÔNG TY TNHH AUDIENCE SERV""",Phó Phòng Kế Toán (Mức Lương 20 – 25 Triệu ) - TopCV,CÔNG TY TNHH AUDIENCE SERV. General Accountant · CÔNG TY TNHH AUDIENCE SERV. 10 - 15 triệu. Hà Nội. Ứng tuyển. CÔNG TY CỔ PHẦN BITCHARGE · Kế Toán Tổng Hợp Từ 2 ...
CÔNG TY TNHH AUDIENCE SERV,Firecrawl,https://www.topcv.vn/cong-ty/cong-ty-tnhh-truyen-thong-so-digimat/217910.html,step4_fallback_en,"""CÔNG TY TNHH AUDIENCE SERV""",CÔNG TY TNHH TRUYỀN THÔNG SỐ DIGIMAT - TopCV,CÔNG TY TNHH AUDIENCE SERV. General Accountant · CÔNG TY TNHH AUDIENCE SERV. 10 - 15 triệu. Hà Nội Còn 26 ngày để ứng tuyển. Ứng tuyển. CÔNG TY CỔ PHẦN TRUYỀN ...
CÔNG TY TNHH AUDIENCE SERV,Firecrawl,https://www.topcv.vn/cong-ty/cong-ty-tnhh-cong-nghe-sang-tao-xtech-viet-nam/119133.html,step4_fallback_en,"""CÔNG TY TNHH AUDIENCE SERV""",Công Ty TNHH Công Nghệ Sáng Tạo Xtech Việt Nam - TopCV,CÔNG TY TNHH AUDIENCE SERV · General Accountant · CÔNG TY TNHH AUDIENCE SERV. 10 - 15 triệu. Hà Nội Còn 26 ngày để ứng tuyển. Ứng tuyển. Công ty Cổ phần ...
CIRCO SERVICES JOINT-STOCK COMPANY,Firecrawl,https://circo.co/en/careers/purchasing-officer,step4_fallback_en,"""CIRCO SERVICES JOINT-STOCK COMPANY""",Purchasing Officer - cirCO Flexible workspace,"CIRCO SERVICES JOINT-STOCK COMPANY 384 Hoàng Diệu Street, Khánh Hội Ward, Ho Chi Minh City (Or other branches as assigned by the Company). Are you interested ..."
CIRCO SERVICES JOINT-STOCK COMPANY,Firecrawl,https://thuvienphapluat.vn/ma-so-thue/cong-ty-co-phan-dich-vu-circo-mst-0313885914.html,step4_fallback_en,"""CIRCO SERVICES JOINT-STOCK COMPANY""",CÔNG TY CỔ PHẦN DỊCH VỤ CIRCO - Mã số thuế 0313885914,Tên quốc tế: CIRCO SERVICES JOINT-STOCK COMPANY ; Tên viết tắt: CIRCO SERVICES ; Mã số thuế: 0313885914 ; Loại hình pháp lý: Công ty cổ phần ; Ngày cấp: 29/06/2016.
CIRCO SERVICES JOINT-STOCK COMPANY,Firecrawl,https://masothue.com/0313885914-cong-ty-co-phan-dich-vu-circo,step4_fallback_en,"""CIRCO SERVICES JOINT-STOCK COMPANY""",0313885914 - CÔNG TY CỔ PHẦN DỊCH VỤ CIRCO - MaSoThue,"Địa chỉ, 384 Hoàng Diệu, Phường Khánh Hội, Thành phố Hồ Chí Minh, Việt Nam ; Tình trạng, Đang hoạt động ; Tên quốc tế, CIRCO SERVICES JOINT-STOCK COMPANY ; Tên ..."
CIRCO SERVICES JOINT-STOCK COMPANY,Firecrawl,https://dauthau.asia/businesslistings/detail/CONG-TY-CO-PHAN-DICH-VU-CIRCO-207069/,step4_fallback_en,"""CIRCO SERVICES JOINT-STOCK COMPANY""",0313885914 - CÔNG TY CỔ PHẦN DỊCH VỤ CIRCO | Nhà Thầu,"CIRCO SERVICES JOINT-STOCK COMPANY. Lượt xem, 57. Mã số thuế, 0313885914. Quốc gia cấp MST, Việt Nam. Mã định danh, vn0313885914. Địa chỉ trụ sở sau khi sáp ..."
CIRCO SERVICES JOINT-STOCK COMPANY,Firecrawl,https://cktc.vn/cong-ty-co-phan-dich-vu-circo.html?srsltid=AfmBOorzmepii0Wb7s3u_4EERNxDsANkIEVJp8-U99JkVuB1MjqSYgXc,step4_fallback_en,"""CIRCO SERVICES JOINT-STOCK COMPANY""",CÔNG TY CỔ PHẦN DỊCH VỤ CIRCO - 0313885914 - CKTC,– Tên doanh nghiệp viết bằng tiếng nước ngoài: CIRCO SERVICES JOINT-STOCK COMPANY. – Tên doanh nghiệp viết tắt: CIRCO SERVICES. – Tình trạng hoạt động: Đang ...
CIRCO SERVICES JOINT-STOCK COMPANY,Firecrawl,https://cktc.vn/page/3251?action=repository_opensearch&index_id=257&count=20&order=17&pn=1&srsltid=AfmBOoruqxXvch0zu1tvIDl3C_49SWkIAYpKvNA7wTiwgulr4w9XKocv,step4_fallback_en,"""CIRCO SERVICES JOINT-STOCK COMPANY""",CÔNG TY CỔ PHẦN MẠNG XÃ HỘI - 0310486485 - CKTC,0313885914 · CIRCO SERVICES JOINT-STOCK COMPANY · CÔNG TY CỔ PHẦN DỊCH VỤ CIRCO · More · Dịch vụ kế toán tại ...
